[0.99212527, -0.042186353, 0.11793157;
  0.059331551, 0.98752058, -0.14588426;
  -0.11030553, 0.15173252, 0.98224711]
[0.99200988, -0.042423494, 0.118814;
  0.059421435, 0.98787999, -0.14339505;
  -0.11129066, 0.1493094, 0.98250759]
[0.99216795, -0.0431251, 0.11722711;
  0.059996102, 0.98769313, -0.14443634;
  -0.10955557, 0.15033828, 0.98254478]
[0.99229211, -0.043144096, 0.1161688;
  0.05975493, 0.98783845, -0.14354047;
  -0.10856308, 0.14937574, 0.98280239]
[0.99266392, -0.042977974, 0.11300716;
  0.059072293, 0.98793286, -0.1431742;
  -0.10549015, 0.14879945, 0.98322409]
[0.99305612, -0.043186795, 0.10942844;
  0.058886964, 0.98773974, -0.1445764;
  -0.10184303, 0.15001638, 0.98342413]
[0.99298126, -0.042728908, 0.11028458;
  0.058324493, 0.98810232, -0.14231052;
  -0.10289168, 0.14774397, 0.98365921]
[0.99296427, -0.04269651, 0.11044661;
  0.058416359, 0.98795879, -0.14326365;
  -0.10299984, 0.14870758, 0.98350191]
[0.99320912, -0.040739946, 0.10897813;
  0.056426924, 0.9878239, -0.14498088;
  -0.10174469, 0.15014564, 0.98341453]
[0.99341881, -0.039726917, 0.10742393;
  0.055421203, 0.98753631, -0.14731087;
  -0.10023282, 0.15229495, 0.98323888]
[0.99331677, -0.040051762, 0.1082455;
  0.055875126, 0.98750412, -0.14735493;
  -0.10099106, 0.15241836, 0.98314232]
[0.9932552, -0.039202265, 0.10912117;
  0.054680962, 0.98825604, -0.14268827;
  -0.10224595, 0.14769273, 0.98373407]
[0.99307549, -0.041535199, 0.10989031;
  0.057414617, 0.98768526, -0.14553945;
  -0.10249203, 0.15084097, 0.98323077]
[0.99294114, -0.041158237, 0.11123984;
  0.057713572, 0.98700404, -0.14997232;
  -0.10362157, 0.15533373, 0.98241228]
[0.99317551, -0.039381724, 0.10977911;
  0.055325061, 0.98770636, -0.14620063;
  -0.1026719, 0.15127641, 0.98314458]
[0.9929359, -0.038253337, 0.11231497;
  0.054523937, 0.98784333, -0.14557627;
  -0.10538081, 0.15067177, 0.98295087]
[0.99292606, -0.037764933, 0.11256592;
  0.053955492, 0.98803937, -0.14445452;
  -0.10576425, 0.14950621, 0.98308766]
[0.99299556, -0.038666755, 0.11164532;
  0.054651499, 0.98808575, -0.14387333;
  -0.10475203, 0.14896716, 0.98327798]
[0.99245471, -0.039640084, 0.11602925;
  0.056198176, 0.98810923, -0.14311342;
  -0.10897654, 0.14855422, 0.98288137]
[0.99291819, -0.039935235, 0.11188858;
  0.055493198, 0.9886539, -0.1395867;
  -0.10504466, 0.14480723, 0.9838686]
[0.99307537, -0.040420935, 0.11030727;
  0.055726439, 0.988666, -0.13940814;
  -0.10342204, 0.14458981, 0.98407239]
[0.99280274, -0.040099688, 0.11284582;
  0.05586518, 0.98854375, -0.14021678;
  -0.10593038, 0.14551175, 0.9836691]
[0.99287379, -0.040759504, 0.11198509;
  0.056347053, 0.98858052, -0.13976465;
  -0.10500955, 0.14507869, 0.98383236]
[0.99323356, -0.041187253, 0.10858674;
  0.056243386, 0.9886288, -0.13946402;
  -0.10160784, 0.14462763, 0.98425585]
[0.99298739, -0.041095234, 0.11085069;
  0.056511898, 0.98857474, -0.13973734;
  -0.10384166, 0.1450218, 0.98396462]
[0.99293995, -0.041349635, 0.1111791;
  0.056769878, 0.98861802, -0.13932566;
  -0.1041526, 0.14465365, 0.98398572]
[0.99315464, -0.042328328, 0.10886649;
  0.057428766, 0.9885487, -0.13954912;
  -0.10171295, 0.14484592, 0.98421258]
[0.99320567, -0.042647097, 0.10827679;
  0.057533775, 0.98871481, -0.13832285;
  -0.1011558, 0.14361261, 0.98445076]
[0.99315947, -0.044155516, 0.10809397;
  0.059028298, 0.98859984, -0.13851343;
  -0.10074555, 0.14394653, 0.98444372]
[0.99321723, -0.049038008, 0.10542969;
  0.063008428, 0.98903632, -0.13355458;
  -0.097724542, 0.13929166, 0.98541772]
[0.99316651, -0.045910172, 0.10729145;
  0.060872611, 0.98818833, -0.14063363;
  -0.099567637, 0.14620371, 0.98423022]
[0.9928022, -0.043694861, 0.11151021;
  0.05921445, 0.98839325, -0.13990113;
  -0.10410298, 0.14549717, 0.98386639]
[0.993074, -0.045669354, 0.10824805;
  0.06055839, 0.9885065, -0.13852096;
  -0.10067774, 0.14411689, 0.98442578]
[0.99309331, -0.04708102, 0.10746561;
  0.061543595, 0.98886335, -0.13550331;
  -0.099889167, 0.14118125, 0.98493111]
[0.99277794, -0.045497924, 0.11100066;
  0.060514029, 0.98887199, -0.13590422;
  -0.10358208, 0.14163981, 0.98448354]
[0.99288899, -0.046523042, 0.10957888;
  0.061537109, 0.98853397, -0.13789178;
  -0.1019073, 0.14365439, 0.98436737]
[0.99256468, -0.047255166, 0.11216925;
  0.062916979, 0.98808241, -0.14047772;
  -0.10419416, 0.14649057, 0.98370886]
[0.99270821, -0.047531836, 0.11077923;
  0.063026786, 0.98802078, -0.1408634;
  -0.10275669, 0.14681831, 0.98381209]
[0.99284697, -0.048048235, 0.10929874;
  0.062895373, 0.98860967, -0.13673016;
  -0.10148414, 0.14262651, 0.98456013]
[0.9930566, -0.049672201, 0.1066375;
  0.064121172, 0.98854113, -0.13665974;
  -0.098627366, 0.14254858, 0.98486233]
[0.99262261, -0.049940217, 0.11048362;
  0.065146662, 0.98820072, -0.13861914;
  -0.10225733, 0.14479412, 0.98416382]
[0.99272281, -0.047207635, 0.11078147;
  0.062114105, 0.98886621, -0.13522288;
  -0.10316449, 0.14111993, 0.98460227]
[0.99287516, -0.047576178, 0.10925143;
  0.062237926, 0.9888916, -0.13498044;
  -0.10161597, 0.1408183, 0.98480695]
[0.99383491, -0.050207835, 0.098850749;
  0.063426353, 0.98874718, -0.13548258;
  -0.090936109, 0.14091706, 0.98583597]
[0.99384087, -0.050573848, 0.098603569;
  0.063740939, 0.98874909, -0.13532545;
  -0.09065026, 0.14077705, 0.98588288]
[0.99293119, -0.049456004, 0.10789484;
  0.064131841, 0.98847926, -0.13709965;
  -0.099871412, 0.14305001, 0.98466355]
[0.99319321, -0.048764758, 0.10578268;
  0.06302128, 0.98871374, -0.13591972;
  -0.097960696, 0.14166109, 0.985057]
[0.99334145, -0.048505273, 0.10450131;
  0.062958442, 0.98817879, -0.13978112;
  -0.096485868, 0.14542961, 0.98465282]
[0.99328828, -0.047824275, 0.10531442;
  0.062526129, 0.98802549, -0.14105323;
  -0.097307563, 0.14669141, 0.98438436]
[0.99261093, -0.047836818, 0.11151334;
  0.063657723, 0.98768163, -0.14294121;
  -0.10330182, 0.14898369, 0.98342878]
[0.9932282, -0.049478423, 0.10511867;
  0.064267687, 0.98773104, -0.14232495;
  -0.096786961, 0.1481169, 0.98422217]
[0.99324936, -0.050290544, 0.10453181;
  0.065056324, 0.98757762, -0.14303213;
  -0.096040115, 0.14886703, 0.98418254]
[0.9932853, -0.049010698, 0.10479677;
  0.063639931, 0.98793924, -0.14115945;
  -0.096614517, 0.14688085, 0.98442459]
[0.99311352, -0.048216105, 0.10677323;
  0.06338834, 0.98760229, -0.14360993;
  -0.098525181, 0.14938915, 0.98385751]
[0.99337316, -0.048191916, 0.1043435;
  0.062985539, 0.98764628, -0.14348327;
  -0.096139736, 0.14910455, 0.98413664]
[0.99286902, -0.0459833, 0.10998586;
  0.061941493, 0.98728544, -0.14639343;
  -0.10185578, 0.15216219, 0.98309338]
[0.99292487, -0.045723386, 0.10958751;
  0.061832692, 0.98698676, -0.14843778;
  -0.10137434, 0.15416366, 0.98283094]
[0.99282908, -0.046545126, 0.11011023;
  0.062645108, 0.98706007, -0.14760689;
  -0.10181503, 0.15344629, 0.98289776]
[0.99286032, -0.047805503, 0.10928231;
  0.063483499, 0.98741937, -0.14481971;
  -0.1009843, 0.15072337, 0.9834044]
[0.99259937, -0.048269622, 0.11143098;
  0.064246401, 0.98740733, -0.1445653;
  -0.10304966, 0.15065446, 0.98320109]
[0.99325573, -0.049680676, 0.10476159;
  0.064520068, 0.98756015, -0.1433955;
  -0.096334383, 0.14918762, 0.98410523]
[0.99306178, -0.049074721, 0.10686417;
  0.064109139, 0.98776776, -0.14214145;
  -0.098581426, 0.14800622, 0.98406053]
[0.99226695, -0.050435968, 0.11341272;
  0.066340469, 0.98776221, -0.14115401;
  -0.10490556, 0.1475863, 0.98346978]
[0.99282014, -0.049700063, 0.10880543;
  0.064964779, 0.98779249, -0.14158224;
  -0.10044054, 0.14763421, 0.98392898]
[0.99303955, -0.051618919, 0.10586632;
  0.066591285, 0.98745567, -0.14316699;
  -0.097148173, 0.14922026, 0.98401988]
[0.99307096, -0.051592898, 0.10558481;
  0.066335551, 0.98774701, -0.14126277;
  -0.097002923, 0.14728798, 0.98432529]
[0.99346954, -0.050052837, 0.10253194;
  0.06432391, 0.98791963, -0.14098783;
  -0.094236478, 0.14666237, 0.98468769]
[0.99383849, -0.050756466, 0.098531649;
  0.064561941, 0.98769969, -0.1424132;
  -0.090091288, 0.14789711, 0.98489094]
[0.99393618, -0.051018625, 0.097402647;
  0.064459622, 0.98801452, -0.1402604;
  -0.089079335, 0.14568843, 0.98531199]
[0.9942866, -0.052678209, 0.09283682;
  0.065546542, 0.98776263, -0.14152396;
  -0.08424551, 0.1468005, 0.98557204]
[0.99386555, -0.050272025, 0.098509185;
  0.063565627, 0.98855269, -0.13683207;
  -0.090502694, 0.14225449, 0.98568404]
[0.99351543, -0.050736438, 0.10174775;
  0.064542055, 0.98841804, -0.13734692;
  -0.093600824, 0.14302328, 0.9852832]
[0.99306554, -0.049325239, 0.10671313;
  0.064072132, 0.98814583, -0.13950717;
  -0.098566912, 0.1453771, 0.98445392]
[0.99301338, -0.049747687, 0.10700561;
  0.064413689, 0.98829436, -0.13829556;
  -0.098873161, 0.14422196, 0.98459393]
[0.99311572, -0.047563978, 0.10704806;
  0.062267251, 0.98840332, -0.13850057;
  -0.099219024, 0.14421268, 0.98456055]
[0.99289477, -0.047908764, 0.1089296;
  0.063125856, 0.98801631, -0.14085002;
  -0.10087626, 0.14672552, 0.98402053]
[0.99301761, -0.048377473, 0.10758673;
  0.063072406, 0.9884662, -0.13768135;
  -0.09968517, 0.14350575, 0.98461562]
[0.99260664, -0.04781805, 0.11155832;
  0.063284069, 0.9881978, -0.13950153;
  -0.10357099, 0.14553, 0.98391783]
[0.99261248, -0.046846401, 0.11191649;
  0.062437132, 0.98816115, -0.14014305;
  -0.10402633, 0.1460955, 0.98378605]
[0.99230814, -0.04523357, 0.11523221;
  0.061216135, 0.98837376, -0.13917591;
  -0.10759707, 0.14515947, 0.98354036]
[0.99245137, -0.046220891, 0.11359815;
  0.062094305, 0.98814094, -0.14043246;
  -0.10576006, 0.14642619, 0.98355192]
[0.9929508, -0.045851469, 0.10929814;
  0.060892161, 0.98848659, -0.13851596;
  -0.10168859, 0.14419493, 0.98431057]
[0.99331003, -0.045544766, 0.10611864;
  0.059807722, 0.98898971, -0.13536207;
  -0.098785207, 0.14080322, 0.98509735]
[0.99322104, -0.043888822, 0.10763755;
  0.059025146, 0.98814219, -0.14174145;
  -0.10014034, 0.14713392, 0.98403418]
[0.99256915, -0.04409048, 0.11341467;
  0.059905097, 0.98832995, -0.14005224;
  -0.10591614, 0.14580564, 0.98362708]
[0.99327511, -0.044381656, 0.10693239;
  0.059319083, 0.98825455, -0.14083593;
  -0.09942589, 0.14623195, 0.98424131]
[0.99385488, -0.045019139, 0.10112574;
  0.05908693, 0.98828226, -0.14073814;
  -0.09360487, 0.14584851, 0.98486918]
[0.99356616, -0.045280617, 0.10380746;
  0.059455339, 0.98867333, -0.13780387;
  -0.096391819, 0.14308918, 0.98500454]
[0.99386853, -0.044237573, 0.10133234;
  0.058463175, 0.98813432, -0.14202914;
  -0.09384694, 0.14708249, 0.98466188]
[0.99380147, -0.042959139, 0.1025356;
  0.057650574, 0.9877618, -0.1449243;
  -0.095054924, 0.14993721, 0.98411578]
[0.99422836, -0.044049803, 0.097824126;
  0.057638858, 0.98836565, -0.14075215;
  -0.090485901, 0.14557825, 0.98520017]
[0.99458438, -0.04576743, 0.093307644;
  0.058398362, 0.98878092, -0.13748422;
  -0.085968517, 0.14218867, 0.98609877]
[0.99461812, -0.04623384, 0.092720114;
  0.058654957, 0.98896194, -0.13606302;
  -0.085405946, 0.14076924, 0.98635131]
[0.99437046, -0.045479551, 0.095704406;
  0.058542736, 0.98863745, -0.13844979;
  -0.088320322, 0.14327317, 0.98573434]
[0.99442232, -0.045517266, 0.095146887;
  0.058452822, 0.98871624, -0.13792649;
  -0.087795235, 0.14271878, 0.98586214]
[0.99436694, -0.043762822, 0.096534364;
  0.057030126, 0.98861068, -0.1392736;
  -0.089339897, 0.14399444, 0.98553759]
[0.99456614, -0.043739554, 0.094473347;
  0.056595702, 0.98881286, -0.13800703;
  -0.087380096, 0.1426039, 0.9859153]
[0.99426967, -0.046458811, 0.096280694;
  0.059424866, 0.98885477, -0.13651048;
  -0.088865511, 0.14144969, 0.9859491]
[0.99410355, -0.047031958, 0.097703531;
  0.060199909, 0.98880517, -0.13653164;
  -0.090188406, 0.14160833, 0.98580605]
[0.99353331, -0.048093025, 0.10285326;
  0.061805353, 0.98897243, -0.13459051;
  -0.095246173, 0.14007702, 0.98554945]
[0.99395716, -0.046600945, 0.099386178;
  0.0598891, 0.98900443, -0.13521764;
  -0.091992103, 0.14035268, 0.98581892]
[0.99353039, -0.045687009, 0.10396867;
  0.060548093, 0.9876352, -0.14460441;
  -0.096076578, 0.14996397, 0.98401183]
[0.99369013, -0.045769796, 0.10239535;
  0.060669471, 0.9872002, -0.14749408;
  -0.094333932, 0.15277568, 0.9837479]
[0.99223316, -0.04621172, 0.11549509;
  0.063199781, 0.98695701, -0.14805752;
  -0.1071467, 0.15420684, 0.98221207]
[0.99262142, -0.04560744, 0.11235182;
  0.062242795, 0.98682702, -0.14932406;
  -0.10406153, 0.15521535, 0.98238438]
[0.99168229, -0.045144048, 0.12053275;
  0.062610894, 0.98740286, -0.14531276;
  -0.11245438, 0.15165076, 0.98201644]
[0.99181926, -0.046811875, 0.11875121;
  0.063805163, 0.98757619, -0.14360382;
  -0.1105535, 0.15000598, 0.98248392]
[0.99233001, -0.04937448, 0.11332875;
  0.065412112, 0.98763484, -0.14247385;
  -0.10489285, 0.14879414, 0.98328936]
[0.99136311, -0.048631497, 0.12179953;
  0.065877683, 0.9876954, -0.14183791;
  -0.11340304, 0.14863674, 0.98236853]
[0.98921567, -0.045110025, 0.13934694;
  0.06487143, 0.98792392, -0.1407048;
  -0.13131699, 0.14822704, 0.98019618]
[0.99006915, -0.047550548, 0.13229775;
  0.064727612, 0.98956501, -0.12872909;
  -0.1247961, 0.13601401, 0.98281562]
[0.98963076, -0.047129054, 0.13568594;
  0.065431349, 0.98885101, -0.13376014;
  -0.12786917, 0.14125127, 0.98168111]
[0.98968691, -0.045775335, 0.13573606;
  0.064547263, 0.98842466, -0.13729922;
  -0.12787995, 0.14464463, 0.98118562]
[0.98889071, -0.045024853, 0.14165936;
  0.064423539, 0.98868257, -0.13548526;
  -0.13395594, 0.14310631, 0.98059964]
[0.98790365, -0.047619607, 0.14757855;
  0.067672394, 0.9886694, -0.13398971;
  -0.13952586, 0.14235592, 0.97993261]
[0.98567045, -0.044327196, 0.16275431;
  0.069127351, 0.98626089, -0.15003346;
  -0.15386765, 0.15913433, 0.97519243]
[0.98578638, -0.040146794, 0.16313562;
  0.064850122, 0.98670018, -0.14905177;
  -0.154982, 0.15751256, 0.97527915]
[0.98567468, -0.044523202, 0.16267499;
  0.068146072, 0.98742354, -0.14265549;
  -0.15427764, 0.15169756, 0.97631246]
[0.98447961, -0.04641841, 0.16925016;
  0.071609952, 0.98670065, -0.14592287;
  -0.16022575, 0.15577808, 0.9747107]
[0.98256665, -0.041517232, 0.18121566;
  0.068899788, 0.9866541, -0.14753385;
  -0.17267197, 0.15744755, 0.97231394]
[0.98079258, -0.043622199, 0.19011416;
  0.07203155, 0.98677868, -0.14518896;
  -0.18126714, 0.15609446, 0.97096741]
[0.97912747, -0.041664284, 0.19893269;
  0.072303712, 0.98613942, -0.14933655;
  -0.18995337, 0.16060309, 0.96856868]
[0.97828281, -0.042239022, 0.20292552;
  0.071859621, 0.98741281, -0.14089911;
  -0.19441982, 0.15242133, 0.96900427]
[0.97808307, -0.038754288, 0.20457849;
  0.070324808, 0.98627478, -0.14938651;
  -0.19598123, 0.16049935, 0.96738404]
[0.97725552, -0.039955914, 0.20826729;
  0.070436426, 0.98749202, -0.14106047;
  -0.20002608, 0.15252173, 0.96784639]
[0.97628254, -0.040356968, 0.21270494;
  0.071013264, 0.98781008, -0.13851947;
  -0.20452185, 0.15033901, 0.96724761]
[0.97672033, -0.043448213, 0.21007118;
  0.075465389, 0.98627019, -0.14688757;
  -0.20080493, 0.15932119, 0.96658897]
[0.97395688, -0.042042937, 0.22280267;
  0.075144246, 0.98697525, -0.14224233;
  -0.21392044, 0.15528023, 0.96443063]
[0.97172493, -0.042773958, 0.23221026;
  0.077440426, 0.98679012, -0.14229327;
  -0.22305635, 0.15625238, 0.96220094]
[0.97161698, -0.046338264, 0.23197682;
  0.080993421, 0.9865225, -0.14217395;
  -0.22226226, 0.15692721, 0.96227509]
[0.97056413, -0.042779285, 0.23701423;
  0.075679541, 0.98842227, -0.13150276;
  -0.22864456, 0.14556898, 0.96256477]
[0.970281, -0.044364214, 0.23787867;
  0.076219551, 0.98904181, -0.12643787;
  -0.22966263, 0.14081128, 0.96302992]
[0.96831799, -0.037676308, 0.2468608;
  0.071122289, 0.9892199, -0.12800376;
  -0.2393769, 0.14150564, 0.96055907]
[0.96295917, -0.036646321, 0.26714569;
  0.073523328, 0.98886603, -0.12937601;
  -0.25943014, 0.14422525, 0.95493197]
[0.96706259, -0.040959693, 0.25122371;
  0.077302642, 0.98761225, -0.13654771;
  -0.24251866, 0.15147044, 0.95824915]
[0.9657467, -0.0384783, 0.25661913;
  0.074484117, 0.9884336, -0.13210313;
  -0.24856786, 0.14669222, 0.95744252]
[0.96411335, -0.035671428, 0.2630848;
  0.074778967, 0.98729932, -0.14017214;
  -0.25474331, 0.15481505, 0.95453596]
[0.96249753, -0.037839361, 0.26863661;
  0.079538792, 0.98606944, -0.14608563;
  -0.25936657, 0.16197409, 0.95209908]
[0.96289295, -0.037791368, 0.26722327;
  0.078953952, 0.9862743, -0.14501692;
  -0.25807506, 0.1607341, 0.95266032]
[0.96218079, -0.036565557, 0.26994678;
  0.078386225, 0.98620242, -0.14580905;
  -0.2608906, 0.16145478, 0.95177126]
[0.95902354, -0.032109238, 0.28150252;
  0.074910067, 0.98693711, -0.14262988;
  -0.27324554, 0.15787278, 0.94890118]
[0.95445806, -0.026529506, 0.29716319;
  0.073566794, 0.98621053, -0.14824374;
  -0.28913262, 0.16335377, 0.94324827]
[0.95066613, -0.021530906, 0.30946758;
  0.073647805, 0.98473221, -0.15773085;
  -0.3013466, 0.17274098, 0.93773729]
[0.95147413, -0.016956925, 0.30726269;
  0.068534836, 0.98507988, -0.15786229;
  -0.30000144, 0.17126009, 0.93844014]
[0.94658893, -0.015397438, 0.32207525;
  0.070465036, 0.98459423, -0.16002856;
  -0.3146494, 0.17417632, 0.93309098]
[0.94071966, -0.0045356438, 0.33915526;
  0.063179389, 0.98475438, -0.1620716;
  -0.33324951, 0.17389156, 0.92666441]
[0.93914485, -0.0020859665, 0.3435134;
  0.060470685, 0.9853695, -0.15933995;
  -0.33815524, 0.17041577, 0.92553079]
[0.93327761, 8.9630019e-005, 0.35915574;
  0.059038673, 0.98635852, -0.15366018;
  -0.3542701, 0.16461168, 0.92054099]
[0.93250805, -0.00029990199, 0.36114818;
  0.06255272, 0.98501951, -0.16069673;
  -0.35568982, 0.1724418, 0.91855741]
[0.93010294, 0.0035062113, 0.36728084;
  0.05657072, 0.98665518, -0.15267949;
  -0.36291489, 0.16278498, 0.91749251]
[0.92495066, -0.00046195695, 0.38008651;
  0.059520155, 0.98783791, -0.14364445;
  -0.3753975, 0.15548684, 0.91372883]
[0.92482269, -0.001574504, 0.3803941;
  0.060975455, 0.98767382, -0.14415856;
  -0.37547833, 0.15651581, 0.9135192]
[0.92174602, 0.001822399, 0.3877885;
  0.05887223, 0.98774046, -0.14457795;
  -0.38329789, 0.15609413, 0.91033852]
[0.92204475, 0.00058768387, 0.38708222;
  0.064026065, 0.98599255, -0.15400967;
  -0.3817507, 0.16678715, 0.90909165]
[0.92149836, 0.00020993222, 0.3883841;
  0.065007351, 0.98580885, -0.15477253;
  -0.38290498, 0.16787046, 0.90840757]
[0.91701132, 0.0038233788, 0.39884281;
  0.06470187, 0.98528361, -0.15820713;
  -0.39357817, 0.17088361, 0.90326887]
[0.9116745, 0.0035141911, 0.41089752;
  0.067152642, 0.98524523, -0.15742034;
  -0.40538803, 0.17110896, 0.89798695]
[0.91009265, 0.0043255975, 0.41438314;
  0.065964192, 0.98568439, -0.1551639;
  -0.40912217, 0.16854797, 0.89677882]
[0.9103139, 0.0031172144, 0.41390529;
  0.067824237, 0.98533237, -0.1565886;
  -0.40832242, 0.17061758, 0.89675033]
[0.90942031, -0.0004654284, 0.41587636;
  0.070500456, 0.98569804, -0.15306453;
  -0.40985727, 0.16851947, 0.89644665]
[0.90837675, 0.0010328202, 0.41815126;
  0.06552159, 0.98729265, -0.14477573;
  -0.41298717, 0.15890884, 0.89676607]
[0.90345562, 0.0013080644, 0.42867914;
  0.064676948, 0.98813272, -0.13932462;
  -0.42377412, 0.15359926, 0.89264947]
[0.89951533, 0.0047288961, 0.43686363;
  0.063890204, 0.98776782, -0.1422444;
  -0.4321925, 0.15586232, 0.88821018]
[0.89985096, 0.0046879305, 0.43617156;
  0.068089165, 0.98617458, -0.15107186;
  -0.43084952, 0.16564071, 0.88709098]
[0.90191609, 0.0027557448, 0.43190184;
  0.068504758, 0.98640841, -0.14934805;
  -0.42644319, 0.16428673, 0.88946885]
[0.90409029, 0.002891256, 0.42733198;
  0.06687329, 0.9866994, -0.14815782;
  -0.42207655, 0.16252513, 0.89187199]
[0.89788115, -0.0020076144, 0.44023269;
  0.069328107, 0.98815674, -0.13689467;
  -0.43474406, 0.15343565, 0.8873865]
[0.89800805, -0.0021388226, 0.43997407;
  0.069256209, 0.98820889, -0.13655381;
  -0.43449423, 0.15309735, 0.88756764]
[0.89561969, -0.0018770234, 0.44481713;
  0.070777081, 0.98785233, -0.13834038;
  -0.43915397, 0.15538323, 0.88487285]
[0.8910228, 0.0006993991, 0.45395881;
  0.069324136, 0.98805994, -0.13759354;
  -0.44863474, 0.15406927, 0.88033545]
[0.8875488, 0.0010337393, 0.46071258;
  0.069459431, 0.98826683, -0.13603076;
  -0.45544755, 0.15273477, 0.87706321]
[0.89095646, -0.0061269682, 0.45404786;
  0.072814301, 0.98889744, -0.12953708;
  -0.4482131, 0.14847307, 0.88151073]
[0.89353377, -0.01184828, 0.44883943;
  0.075535603, 0.98937023, -0.12425954;
  -0.44259611, 0.14493345, 0.88493067]
[0.89256829, -0.0097352285, 0.45080829;
  0.072117552, 0.98997873, -0.12140997;
  -0.44510865, 0.14087787, 0.88432568]
[0.89633489, -0.015052699, 0.44312242;
  0.074476413, 0.99033433, -0.11700825;
  -0.43707806, 0.13788074, 0.88879228]
[0.88538402, -0.011517272, 0.46471789;
  0.070493378, 0.99145776, -0.1097337;
  -0.45948434, 0.129916, 0.87863272]
[0.8856616, -0.011736275, 0.46418288;
  0.06924206, 0.99184132, -0.10703701;
  -0.45913953, 0.12693954, 0.87924844]
[0.88896984, -0.014202151, 0.45774552;
  0.072317891, 0.99133146, -0.10968923;
  -0.45221969, 0.1306136, 0.88229084]
[0.88643372, -0.008329398, 0.46278003;
  0.063457072, 0.99258405, -0.10368443;
  -0.45848444, 0.12127604, 0.88038856]
[0.88665593, -0.011233158, 0.46229324;
  0.068039551, 0.99199361, -0.1063934;
  -0.45739681, 0.12578857, 0.88032132]
[0.88271624, -0.010368532, 0.4697924;
  0.05691696, 0.99475461, -0.084989555;
  -0.46644694, 0.10176082, 0.87867618]
[0.88094199, -0.0085151643, 0.47314784;
  0.056448061, 0.99458998, -0.08720018;
  -0.46984556, 0.10352658, 0.87665671]
[0.87904191, -0.0023134977, 0.47673869;
  0.049947187, 0.99493212, -0.087268636;
  -0.47412077, 0.10052454, 0.87470257]
[0.87835521, -0.0064694188, 0.47796449;
  0.057197273, 0.99414659, -0.091655672;
  -0.47457382, 0.1078445, 0.87358385]
[0.87657523, -0.0056653153, 0.48123166;
  0.052792568, 0.9950282, -0.084448978;
  -0.47836065, 0.099431336, 0.87251616]
[0.87021029, -0.0016674702, 0.49267745;
  0.053503167, 0.99439996, -0.091136746;
  -0.48976648, 0.10566794, 0.8654263]
[0.86718392, -0.0076359184, 0.49792948;
  0.058124058, 0.99460053, -0.085976645;
  -0.49458441, 0.10349925, 0.86294544]
[0.87248856, -0.0068801045, 0.48858705;
  0.057833631, 0.99432683, -0.089274451;
  -0.485201, 0.10614771, 0.86793673]
[0.86191368, -0.0037380191, 0.50704217;
  0.050850283, 0.99556881, -0.079100683;
  -0.50449967, 0.093961194, 0.85828447]
[0.86616826, -0.0084124748, 0.49968258;
  0.060237955, 0.9943254, -0.08767914;
  -0.49610946, 0.10604474, 0.86175984]
[0.86991346, -0.0038259632, 0.49318925;
  0.059515379, 0.99347717, -0.097270183;
  -0.48960012, 0.11396898, 0.86446685]
[0.86869186, -0.0050210981, 0.49532712;
  0.057590857, 0.99419111, -0.090923637;
  -0.49199328, 0.10751094, 0.86393487]
[0.86996418, -0.0053540533, 0.49308553;
  0.06016054, 0.99362338, -0.095354512;
  -0.48943076, 0.1126193, 0.86473882]
[0.87189853, -0.0099846656, 0.4895854;
  0.061452873, 0.99411869, -0.089167416;
  -0.48581567, 0.10783137, 0.8673842]
[0.8707273, -0.0069925617, 0.49171701;
  0.059795287, 0.99398506, -0.091750808;
  -0.48811778, 0.10929229, 0.86590803]
[0.86981267, -0.0067510186, 0.4933356;
  0.060756445, 0.99376148, -0.093522869;
  -0.48962656, 0.11132069, 0.86479646]
[0.86982197, -0.010444868, 0.49325556;
  0.065496087, 0.99337137, -0.09446317;
  -0.48899928, 0.11447245, 0.86474031]
[0.86695051, -0.0095509468, 0.49830365;
  0.065222584, 0.99339235, -0.094434544;
  -0.49410909, 0.11437073, 0.86184496]
[0.86304879, -0.010247001, 0.50501639;
  0.067520775, 0.9931615, -0.09523885;
  -0.50058693, 0.11629488, 0.85783875]
[0.86143142, -0.0087306518, 0.50779903;
  0.067142956, 0.99303353, -0.096829064;
  -0.50341606, 0.11750673, 0.85601652]
[0.85863769, -0.0055709663, 0.5125531;
  0.066384248, 0.99272811, -0.1004198;
  -0.50826639, 0.12024967, 0.85276359]
[0.861642, -0.0092187561, 0.50743389;
  0.069332644, 0.99259973, -0.099696636;
  -0.50275964, 0.12108454, 0.85590476]
[0.86107886, -0.0080203321, 0.50840873;
  0.069383621, 0.99237621, -0.10185876;
  -0.50371575, 0.12298366, 0.85507065]
[0.85792166, -0.008486744, 0.51371068;
  0.069399983, 0.99261379, -0.099503525;
  -0.50907183, 0.12101774, 0.85217381]
[0.85912502, -0.0047938442, 0.51174331;
  0.067202143, 0.99235392, -0.10352488;
  -0.50733423, 0.12333106, 0.85287821]
[0.85893196, -0.0050209649, 0.51206565;
  0.06458547, 0.99302894, -0.098598614;
  -0.50800091, 0.1177615, 0.85326862]
[0.86246431, -0.006569325, 0.50607604;
  0.06546443, 0.99296385, -0.098676346;
  -0.50186694, 0.1182348, 0.85682595]
[0.85889161, -0.0070014093, 0.51210999;
  0.064697787, 0.99337918, -0.094927661;
  -0.50805473, 0.11466495, 0.85365802]
[0.85808861, -0.0090506207, 0.51342171;
  0.069362156, 0.9927243, -0.098426968;
  -0.50879538, 0.1200711, 0.8524732]
[0.8607142, -0.010269824, 0.50898492;
  0.0688878, 0.9929505, -0.096457548;
  -0.50440621, 0.11808524, 0.85535401]
[0.86163229, -0.010171313, 0.50743091;
  0.068327732, 0.99302179, -0.096117929;
  -0.50291234, 0.11748992, 0.8563146]
[0.85900015, -0.0056877602, 0.51194406;
  0.063430831, 0.99341619, -0.095395081;
  -0.50803095, 0.11441743, 0.85370547]
[0.85695702, -0.0049411501, 0.51536435;
  0.062729284, 0.99351966, -0.094782382;
  -0.51155633, 0.11355287, 0.8517136]
[0.85724938, -0.0058237296, 0.5148685;
  0.063668169, 0.99346155, -0.094770551;
  -0.51095009, 0.11402273, 0.85201508]
[0.86028427, -0.0075020865, 0.5097599;
  0.066226967, 0.99306345, -0.097151719;
  -0.50549507, 0.11733794, 0.85481375]
[0.86056072, -0.0059345346, 0.5093143;
  0.065348014, 0.99295479, -0.098845497;
  -0.50513947, 0.11834523, 0.8548857]
[0.85827762, -0.004845629, 0.51316226;
  0.06406574, 0.99314433, -0.097773917;
  -0.50917041, 0.11679328, 0.85270399]
[0.85906255, -0.003765831, 0.51185679;
  0.062820584, 0.9931891, -0.098126903;
  -0.50800103, 0.11645229, 0.85344815]
[0.86188316, -0.0074299406, 0.5070532;
  0.064471722, 0.99338406, -0.095032029;
  -0.50299251, 0.1145971, 0.85666007]
[0.86464459, -0.0041546309, 0.50236827;
  0.063538633, 0.99284029, -0.1011479;
  -0.49835122, 0.11937677, 0.85871798]
[0.86358368, -0.0026848596, 0.50419909;
  0.063817732, 0.99252546, -0.10402066;
  -0.5001511, 0.12200738, 0.85730016]
[0.86321795, -0.0038183474, 0.50481671;
  0.064765871, 0.99254537, -0.10324141;
  -0.50065929, 0.12181473, 0.85703027]
[0.86336094, -0.0049223402, 0.50456291;
  0.064942539, 0.99271947, -0.10143983;
  -0.50039011, 0.12034678, 0.85739487]
[0.86462063, -0.0031738211, 0.50241548;
  0.062163223, 0.99297237, -0.10070737;
  -0.49856505, 0.11830544, 0.8587417]
[0.86555511, -0.0047137015, 0.50079101;
  0.063680679, 0.99287426, -0.10072012;
  -0.49674776, 0.11906953, 0.85968757]
[0.86543834, -0.0020174182, 0.50101155;
  0.06021991, 0.99316096, -0.10002389;
  -0.49738333, 0.11673538, 0.85964108]
[0.86424237, -0.0034881728, 0.50306416;
  0.058034983, 0.99399066, -0.092809834;
  -0.49971732, 0.10940552, 0.85925126]
[0.86148292, -0.0050895698, 0.50776047;
  0.058122311, 0.99436569, -0.08864554;
  -0.50444841, 0.10587883, 0.85692489]
[0.86256731, -0.0032355385, 0.50593215;
  0.057812199, 0.99406016, -0.092208475;
  -0.50262868, 0.10878506, 0.85763085]
[0.85902011, -0.0010514294, 0.51194042;
  0.054847002, 0.99443108, -0.089989424;
  -0.50899488, 0.10538112, 0.854294]
[0.85921079, -0.0018727859, 0.51161832;
  0.054598868, 0.99461776, -0.088052504;
  -0.50869972, 0.10358945, 0.85468858]
[0.86214882, -0.0038515031, 0.50664097;
  0.057562485, 0.99424112, -0.090396039;
  -0.50337511, 0.10709836, 0.85740554]
[0.86282331, -0.0046420298, 0.50548488;
  0.059144441, 0.99401712, -0.091827273;
  -0.50203431, 0.10912733, 0.85793567]
[0.86698782, -0.0052349158, 0.49830195;
  0.059824415, 0.99380636, -0.093647748;
  -0.49472541, 0.11100208, 0.8619312]
[0.86462426, -0.003036028, 0.50240886;
  0.059128612, 0.99364734, -0.095753789;
  -0.49892652, 0.11249779, 0.8593111]
[0.86451805, -0.0068931133, 0.50255418;
  0.061453786, 0.99385315, -0.092085049;
  -0.49883029, 0.11049304, 0.8596276]
[0.86513084, -0.0076636537, 0.50148803;
  0.061664544, 0.99392253, -0.091190405;
  -0.4977414, 0.10981566, 0.86034566]
[0.863581, -0.0047878055, 0.50418866;
  0.065375321, 0.99257702, -0.10255129;
  -0.49995509, 0.12152284, 0.85748363]
[0.86367822, -0.0033498174, 0.50403363;
  0.061880905, 0.99311799, -0.099435888;
  -0.5002318, 0.11707066, 0.85794169]
[0.86359358, -0.0025074715, 0.50418186;
  0.05998303, 0.99339646, -0.097802579;
  -0.50060725, 0.11470404, 0.85804117]
[0.86334652, -0.0006752311, 0.50461024;
  0.058139734, 0.99347234, -0.098143734;
  -0.50125003, 0.11406995, 0.85775018]
[0.8627274, 0.00044516812, 0.5056693;
  0.056021493, 0.99375975, -0.096454501;
  -0.50255668, 0.11154228, 0.85731888]
[0.86430669, 0.0020725888, 0.50296026;
  0.053466916, 0.99394637, -0.095976621;
  -0.50011444, 0.10984497, 0.85896367]
[0.86684299, 0.00032215688, 0.49858147;
  0.053943496, 0.99406868, -0.094430052;
  -0.49565464, 0.10875125, 0.86168408]
[0.86689532, -0.0032109215, 0.49848044;
  0.055401061, 0.99440432, -0.089941382;
  -0.49540231, 0.1055861, 0.86222231]
[0.8668558, -0.0011721754, 0.49855801;
  0.052693073, 0.99461168, -0.089280359;
  -0.49576697, 0.10366375, 0.86224663]
[0.86688626, 0.0011752313, 0.49850523;
  0.053365972, 0.99403179, -0.095145464;
  -0.49564186, 0.10908351, 0.86164981]
[0.87002957, 0.0052952543, 0.49297068;
  0.049193863, 0.99401909, -0.097498693;
  -0.49053854, 0.10907788, 0.86456555]
[0.8715384, 0.0047277156, 0.49030411;
  0.04924449, 0.99405283, -0.097119763;
  -0.48784736, 0.10878838, 0.86612242]
[0.87221313, 0.0051414953, 0.48909819;
  0.048807982, 0.99403876, -0.097489446;
  -0.48668382, 0.10890348, 0.8667627]
[0.87495667, 0.0049244273, 0.48417583;
  0.051260807, 0.99338657, -0.1027377;
  -0.4814797, 0.11471029, 0.86891776]
[0.87458527, 0.015268569, 0.48463076;
  0.045195602, 0.99258488, -0.11283444;
  -0.48275998, 0.12058651, 0.86741006]
[0.88715917, 0.010566932, 0.46134201;
  0.047958147, 0.99221277, -0.11495055;
  -0.45896411, 0.12410454, 0.87974387]
[0.890432, 0.013123304, 0.45492744;
  0.045056585, 0.99213213, -0.11681004;
  -0.45288107, 0.12450887, 0.88283491]
[0.89583445, 0.0081895124, 0.44431159;
  0.046858128, 0.99251527, -0.11277156;
  -0.44190958, 0.12184426, 0.88874561]
[0.89199603, 0.0040314882, 0.4520247;
  0.050578535, 0.99279112, -0.10866327;
  -0.44920418, 0.11978995, 0.88536185]
[0.90319407, -0.001567282, 0.42922997;
  0.057082437, 0.99154973, -0.11649418;
  -0.42542028, 0.12971835, 0.89565128]
[0.90436679, -0.0026216623, 0.42674845;
  0.061827008, 0.99023616, -0.12494151;
  -0.4222542, 0.13937753, 0.89569879]
[0.91886955, -0.011594249, 0.39439103;
  0.067198619, 0.98956239, -0.12747204;
  -0.38879657, 0.14363271, 0.91005784]
[0.92231715, -0.0089237131, 0.38633063;
  0.069164947, 0.98740155, -0.14231737;
  -0.38019347, 0.15798229, 0.91131461]
[0.91612959, 0.0096601183, 0.40076566;
  0.054868411, 0.9872793, -0.14922653;
  -0.39710918, 0.15870021, 0.90394568]
[0.91885191, 0.016751384, 0.39424676;
  0.046832819, 0.98740643, -0.15110675;
  -0.39181304, 0.15730841, 0.90649575]
[0.92049366, 0.022658203, 0.39010188;
  0.041865397, 0.98685288, -0.15610784;
  -0.38851029, 0.16002804, 0.90744323]
[0.92249954, 0.034806363, 0.38442501;
  0.030851094, 0.98609132, -0.16331576;
  -0.38476261, 0.16251865, 0.90859497]
[0.92397553, 0.034585655, 0.38088447;
  0.028177829, 0.98703969, -0.15798266;
  -0.381412, 0.15670462, 0.911026]
[0.92696589, 0.03605397, 0.37340903;
  0.027374951, 0.98621631, -0.1631795;
  -0.37414536, 0.16148388, 0.91320187]
[0.93570787, 0.033763707, 0.35115516;
  0.023784071, 0.98710632, -0.1582876;
  -0.35197186, 0.15646285, 0.92284012]
[0.94113564, 0.025890624, 0.33703598;
  0.028927688, 0.98723561, -0.15661547;
  -0.3367888, 0.15714607, 0.92837369]
[0.94417304, 0.020329129, 0.32882148;
  0.035159502, 0.98617607, -0.16192554;
  -0.3275677, 0.16444694, 0.93040609]
[0.9474467, 0.018974137, 0.31934926;
  0.03487381, 0.98616511, -0.16205718;
  -0.31800598, 0.16467746, 0.9336772]
[0.9540028, 0.017274385, 0.29930034;
  0.034227915, 0.98553473, -0.16598055;
  -0.29783809, 0.16859034, 0.93961161]
[0.95571589, 0.016868815, 0.29380614;
  0.034776326, 0.9848873, -0.16966966;
  -0.29222804, 0.17237349, 0.94068581]
[0.96212375, 0.011674083, 0.27236229;
  0.036872733, 0.98432863, -0.17244402;
  -0.27010712, 0.17595522, 0.94661546]
[0.96316105, 0.0058594588, 0.26886076;
  0.040159889, 0.98541766, -0.16534379;
  -0.26590896, 0.17005011, 0.94888061]
[0.96533042, 0.0080705769, 0.26090628;
  0.034150369, 0.98702663, -0.15688413;
  -0.2587876, 0.16035508, 0.95253122]
[0.96966594, 0.0070920363, 0.24432984;
  0.032313671, 0.98708659, -0.15689458;
  -0.24228741, 0.16003051, 0.95691508]
[0.97019398, 0.0070074415, 0.24222767;
  0.03216875, 0.98701078, -0.15739971;
  -0.24018429, 0.16050042, 0.95736647]
[0.96807593, 0.0069564604, 0.25056013;
  0.030593183, 0.98886174, -0.1456572;
  -0.24878259, 0.14867266, 0.95708042]
[0.96852243, 0.0088597341, 0.24876863;
  0.030609326, 0.9875434, -0.15434179;
  -0.24703723, 0.15709813, 0.95618671]
[0.96704692, 0.0098879654, 0.25440609;
  0.030074432, 0.98781288, -0.15271264;
  -0.25281563, 0.15533142, 0.95496404]
[0.96719068, 0.016474292, 0.25351837;
  0.022805225, 0.98823643, -0.15122345;
  -0.25302738, 0.15204346, 0.95543736]
[0.9694401, 0.01147633, 0.24505693;
  0.027953837, 0.98723096, -0.15681885;
  -0.24372749, 0.15887678, 0.9567405]
[0.97104365, 0.008056974, 0.23876637;
  0.027603144, 0.98895365, -0.1456321;
  -0.23730223, 0.14800584, 0.96009475]
[0.97346294, 0.010177769, 0.22861691;
  0.024767334, 0.98845637, -0.14946623;
  -0.22749907, 0.15116207, 0.96197355]
[0.97624356, 0.0036802918, 0.21664542;
  0.028133569, 0.9892385, -0.14358166;
  -0.21484241, 0.14626567, 0.96563417]
[0.97697443, 0.004913202, 0.21330056;
  0.026206538, 0.98940063, -0.14282444;
  -0.21174143, 0.1451257, 0.96649039]
[0.97953832, 0.0060810107, 0.20116852;
  0.025266206, 0.98792034, -0.15289021;
  -0.1996682, 0.15484458, 0.96755219]
[0.98145163, 0.0081276158, 0.19153483;
  0.021585869, 0.98806161, -0.15253791;
  -0.190488, 0.15384303, 0.96955925]
[0.98222858, 0.010059671, 0.18741904;
  0.019891651, 0.98735958, -0.15724544;
  -0.18663181, 0.15817904, 0.96961272]
[0.9868294, 0.0019700099, 0.16175045;
  0.02282333, 0.98822719, -0.15128031;
  -0.16014421, 0.15297955, 0.97516668]
[0.98366129, 0.011058476, 0.1796875;
  0.017424198, 0.9875775, -0.15616478;
  -0.17918228, 0.15674417, 0.97124904]
[0.98467588, 0.0097502815, 0.17412277;
  0.016775833, 0.98850918, -0.15022232;
  -0.17358667, 0.15084136, 0.97319758]
[0.98608488, 0.0077854334, 0.16605766;
  0.017162926, 0.98879695, -0.14827847;
  -0.16535172, 0.1490652, 0.97490406]
[0.98658711, 0.0077409679, 0.1630526;
  0.016860992, 0.98869896, -0.14896166;
  -0.16236305, 0.14971289, 0.97530711]
[0.9886651, 0.0048770919, 0.15006;
  0.018074416, 0.9883371, -0.15120485;
  -0.1490473, 0.15220322, 0.97704625]
[0.99087083, 0.0063200993, 0.13466591;
  0.01466194, 0.98792332, -0.1542486;
  -0.13401446, 0.1548149, 0.97881174]
[0.99131393, 0.0030783289, 0.1314808;
  0.016644701, 0.98875058, -0.14864501;
  -0.13045929, 0.14954233, 0.98011094]
[0.99084508, 0.002863629, 0.13497801;
  0.017500846, 0.98861486, -0.14944506;
  -0.13386923, 0.15043914, 0.97951406]
[0.99333298, 0.00081686297, 0.11527632;
  0.017585203, 0.98719805, -0.1585266;
  -0.11393005, 0.15949686, 0.98060203]
[0.9931426, 0.0014722343, 0.11690041;
  0.01827527, 0.98567301, -0.16767339;
  -0.11547244, 0.16865997, 0.97888696]
[0.9936505, -0.0040625622, 0.11243562;
  0.022573909, 0.98622513, -0.16386257;
  -0.11022113, 0.16536024, 0.9800548]
[0.9934268, -0.0023014052, 0.11444518;
  0.02105424, 0.98641378, -0.16292298;
  -0.11251535, 0.16426161, 0.97997832]
[0.99493426, -0.004273993, 0.10043918;
  0.020479906, 0.98676103, -0.16087994;
  -0.098421864, 0.16212195, 0.98184991]
[0.9939099, -0.0042231465, 0.11011391;
  0.021694904, 0.98720706, -0.15795934;
  -0.10803814, 0.15938626, 0.98128647]
[0.99422824, -0.006582987, 0.10708784;
  0.02361818, 0.98706055, -0.1585986;
  -0.10465813, 0.16021243, 0.98151892]
[0.99381983, -0.0057191653, 0.11085622;
  0.023117119, 0.98743886, -0.15630122;
  -0.10856982, 0.15789792, 0.9814685]
[0.99385375, -0.0046945158, 0.11060303;
  0.021161055, 0.98873359, -0.14818217;
  -0.10866128, 0.14961189, 0.98275596]
[0.99405545, -0.0083792368, 0.10855;
  0.024530744, 0.98863423, -0.14832829;
  -0.10607336, 0.15010935, 0.98296285]
[0.99343216, -0.0065711704, 0.11423257;
  0.023832321, 0.98833692, -0.15040705;
  -0.11191192, 0.15214163, 0.98200226]
[0.99273419, -0.0090972697, 0.11998639;
  0.027878519, 0.98739582, -0.15579596;
  -0.11705675, 0.15800902, 0.98047519]
[0.99303448, -0.007499577, 0.11758266;
  0.025801165, 0.98759145, -0.1549122;
  -0.11496185, 0.15686694, 0.98090583]
[0.99321622, -0.0064104577, 0.11610815;
  0.024095517, 0.98815417, -0.15156181;
  -0.11376117, 0.15333134, 0.98160517]
[0.99305975, -0.011530006, 0.11704547;
  0.029247185, 0.98813081, -0.15080291;
  -0.11391748, 0.15317954, 0.98161018]
[0.99241954, -0.0088033611, 0.12257876;
  0.027141249, 0.98850214, -0.14874959;
  -0.11985987, 0.15094894, 0.98124778]
[0.99164176, -0.01164162, 0.12849794;
  0.030962588, 0.98829091, -0.14940688;
  -0.12525401, 0.15213673, 0.98039097]
[0.98968977, -0.012027369, 0.14272222;
  0.032900341, 0.98891252, -0.14480868;
  -0.13939813, 0.14801128, 0.97911233]
[0.99056184, -0.014048615, 0.13634221;
  0.034885455, 0.98781562, -0.15166885;
  -0.13255024, 0.15499373, 0.97898251]
[0.99001217, -0.0095862187, 0.14065455;
  0.031822, 0.98713243, -0.15670536;
  -0.13734245, 0.15961613, 0.97757816]
[0.98990744, -0.011086402, 0.14128166;
  0.032523647, 0.98809844, -0.15034653;
  -0.13793339, 0.15342414, 0.97848654]
[0.98948026, -0.0097669028, 0.1443392;
  0.03026663, 0.98961449, -0.14052249;
  -0.14146769, 0.1434129, 0.97949964]
[0.98952401, -0.0093300845, 0.14406653;
  0.030488973, 0.98890674, -0.14537065;
  -0.14111204, 0.14824019, 0.97883147]
[0.99026507, -0.0083002876, 0.13894846;
  0.028446322, 0.98922056, -0.14364113;
  -0.13625841, 0.14619537, 0.97982669]
[0.99038702, -0.013420203, 0.13767354;
  0.03471075, 0.98754895, -0.15343621;
  -0.13390021, 0.15673999, 0.97852147]
[0.98998749, -0.0092497077, 0.14085244;
  0.030878631, 0.98787361, -0.15215933;
  -0.13773698, 0.15498517, 0.97826815]
[0.99050885, -0.01054065, 0.13704075;
  0.030688699, 0.98884428, -0.14575651;
  -0.1339756, 0.14857872, 0.97978246]
[0.99053329, -0.0092818206, 0.13696167;
  0.029414441, 0.98888922, -0.1457137;
  -0.13408743, 0.14836292, 0.97980076]
[0.99034464, -0.0079631377, 0.13840029;
  0.027966196, 0.98929912, -0.14319685;
  -0.13577898, 0.14568476, 0.97996974]
[0.99132246, -0.0090180486, 0.13114236;
  0.027952105, 0.98928946, -0.14326632;
  -0.12844579, 0.14568882, 0.98095691]
[0.99155372, -0.0096738497, 0.12933834;
  0.028061129, 0.98959577, -0.14111011;
  -0.12662759, 0.14354764, 0.98150879]
[0.99115562, -0.013225586, 0.13204519;
  0.031880461, 0.98961216, -0.14018297;
  -0.12881953, 0.1431528, 0.98128128]
[0.99138325, -0.012756019, 0.13036713;
  0.031881537, 0.9888159, -0.14569311;
  -0.12705064, 0.14859402, 0.98070222]
[0.99022555, -0.012452632, 0.13891625;
  0.032367442, 0.98933142, -0.14203909;
  -0.13566545, 0.1451471, 0.98006433]
[0.98987889, -0.011788036, 0.14142634;
  0.032090433, 0.98932499, -0.14214997;
  -0.13824095, 0.14524968, 0.97969025]
[0.99007332, -0.011105639, 0.14011155;
  0.030274967, 0.99032259, -0.13543867;
  -0.1372515, 0.13833608, 0.98082823]
[0.99005502, -0.011469919, 0.14021291;
  0.030734295, 0.99023008, -0.13601595;
  -0.13728295, 0.13897261, 0.98073477]
[0.9901197, -0.012573933, 0.13966146;
  0.031781822, 0.99017555, -0.13616945;
  -0.13657717, 0.13926275, 0.98079199]
[0.99020398, -0.013317732, 0.13899131;
  0.032971039, 0.98959178, -0.14007433;
  -0.13567919, 0.14328484, 0.98033684]
[0.9905467, -0.014930948, 0.13635895;
  0.034504808, 0.98921674, -0.14233641;
  -0.13276334, 0.14569591, 0.98038054]
[0.99015743, -0.014243251, 0.13923343;
  0.034937568, 0.98846847, -0.14734107;
  -0.13552924, 0.15075535, 0.97923702]
[0.98966581, -0.015116911, 0.14259414;
  0.03650644, 0.98822242, -0.14860751;
  -0.13866824, 0.15227737, 0.97856182]
[0.99042934, -0.01711959, 0.13695441;
  0.036940731, 0.98895609, -0.14352819;
  -0.13298476, 0.14721373, 0.98012352]
[0.99111789, -0.017545678, 0.13182364;
  0.036206387, 0.98941404, -0.1405303;
  -0.12796247, 0.14405495, 0.98126119]
[0.98953819, -0.012700815, 0.14371167;
  0.0338175, 0.98878431, -0.14546883;
  -0.14025226, 0.14880693, 0.97886938]
[0.99070835, -0.017150182, 0.13491486;
  0.036722977, 0.98890179, -0.14395924;
  -0.13094862, 0.14757609, 0.98034304]
[0.99018961, -0.013295003, 0.1390973;
  0.033870131, 0.98861289, -0.14661993;
  -0.13556407, 0.14989278, 0.97936451]
[0.98896432, -0.011008468, 0.1477448;
  0.033722609, 0.98778462, -0.15213074;
  -0.14426532, 0.15543421, 0.97725499]
[0.98993939, -0.010421144, 0.14110936;
  0.031646863, 0.98832643, -0.14902666;
  -0.13790908, 0.15199304, 0.97871304]
[0.9894104, -0.0082689906, 0.14490792;
  0.030892322, 0.98749727, -0.15457872;
  -0.14181797, 0.15741834, 0.97729552]
[0.9901551, -0.011943372, 0.13946287;
  0.032917373, 0.98827845, -0.1490722;
  -0.13604774, 0.15219535, 0.9789421]
[0.98939663, -0.009857134, 0.14490578;
  0.031961665, 0.98801392, -0.151022;
  -0.14168029, 0.15405209, 0.9778527]
[0.98972279, -0.011261098, 0.14255558;
  0.034431837, 0.98633176, -0.16113602;
  -0.13879251, 0.16438845, 0.97658277]
[0.98805994, -0.0096582323, 0.15376556;
  0.035585225, 0.98535299, -0.16677041;
  -0.14990264, 0.17025095, 0.97393149]
[0.98770964, -0.007979746, 0.15609524;
  0.033694886, 0.98608387, -0.16279894;
  -0.15262389, 0.16605771, 0.97423339]
[0.98869389, -0.0096083013, 0.14963937;
  0.03633415, 0.98355561, -0.17691264;
  -0.1454788, 0.18034945, 0.97278452]
[0.98820233, -0.0036828774, 0.15310775;
  0.031336442, 0.9834227, -0.17859966;
  -0.14991187, 0.18129045, 0.97193599]
[0.9885596, -0.0065419874, 0.15068825;
  0.035035055, 0.98169273, -0.18722068;
  -0.14670475, 0.19035818, 0.97069097]
[0.98817927, -0.005958755, 0.15318558;
  0.03519978, 0.98136628, -0.1888945;
  -0.14920558, 0.19205374, 0.96997553]
[0.98774695, -0.0086061191, 0.15582582;
  0.040236566, 0.97876567, -0.20099519;
  -0.15078717, 0.20480229, 0.9671191]
[0.98774588, -0.0030593211, 0.15604077;
  0.035216827, 0.97839051, -0.20374209;
  -0.1520455, 0.20674068, 0.96650898]
[0.9876377, -0.0045460304, 0.15668999;
  0.039158735, 0.97504348, -0.21853344;
  -0.15178609, 0.22196764, 0.96316773]
[0.98886454, -0.0046628597, 0.14874458;
  0.03776994, 0.97464538, -0.22054416;
  -0.14394484, 0.22370638, 0.9639684]
[0.98763239, -0.00123737, 0.15678105;
  0.037898298, 0.97219992, -0.23106474;
  -0.15213661, 0.23414876, 0.96022302]
[0.9848488, 0.0058608036, 0.17331228;
  0.035849519, 0.97095764, -0.23654984;
  -0.16966525, 0.23917899, 0.95603633]
[0.98893094, 0.0020217707, 0.14835919;
  0.034707382, 0.96901333, -0.24455748;
  -0.14425647, 0.24699962, 0.95821708]
[0.98539549, 0.007661242, 0.17010632;
  0.035426706, 0.96790332, -0.24881271;
  -0.16655269, 0.25120524, 0.9534961]
[0.98598504, 0.007972151, 0.16664287;
  0.03579738, 0.96548307, -0.25799236;
  -0.16294762, 0.26034197, 0.95166647]
[0.98690283, 0.0063556321, 0.16118959;
  0.036291622, 0.96486086, -0.26024354;
  -0.15717953, 0.26268491, 0.95199323]
[0.98608649, 0.0091156596, 0.16598028;
  0.035492148, 0.96392483, -0.26379687;
  -0.16239721, 0.26601753, 0.95018971]
[0.9879232, 0.0081280237, 0.15473087;
  0.033935685, 0.96302682, -0.26725933;
  -0.15118226, 0.26928261, 0.95112067]
[0.98623204, 0.015063417, 0.16467658;
  0.030390969, 0.96236926, -0.2700384;
  -0.16254738, 0.2713252, 0.94866163]
[0.98627973, 0.01550145, 0.16435103;
  0.030675428, 0.96103239, -0.27472773;
  -0.16220534, 0.27599993, 0.94737124]
[0.98675609, 0.015868904, 0.16143444;
  0.029836642, 0.96046829, -0.27678666;
  -0.15944496, 0.27793756, 0.94727445]
[0.98614925, 0.019016162, 0.16476768;
  0.028714124, 0.95883292, -0.28251559;
  -0.16335703, 0.28333369, 0.94500631]
[0.9854064, 0.024342578, 0.16846894;
  0.027006008, 0.95482951, -0.29592544;
  -0.1680627, 0.2961565, 0.94023776]
[0.98542124, 0.02785307, 0.16783899;
  0.024962086, 0.95216352, -0.30456752;
  -0.16829331, 0.30431691, 0.93758684]
[0.98670346, 0.027161364, 0.16024636;
  0.02476221, 0.94930738, -0.31337297;
  -0.16063468, 0.31317425, 0.93601227]
[0.98562282, 0.029905044, 0.16629143;
  0.024131361, 0.94920725, -0.31372479;
  -0.16722699, 0.31322718, 0.93483871]
[0.98788577, 0.025267666, 0.15311278;
  0.024788233, 0.94829524, -0.31642193;
  -0.15319137, 0.31638411, 0.93618107]
[0.98751873, 0.031693708, 0.15427878;
  0.019158496, 0.94809961, -0.31739488;
  -0.15633108, 0.31638911, 0.93565893]
[0.98867464, 0.030456882, 0.14695419;
  0.018778091, 0.94639236, -0.32247284;
  -0.14889784, 0.32158023, 0.93510222]
[0.98770612, 0.033912651, 0.15259831;
  0.018600868, 0.94375342, -0.33012629;
  -0.15521063, 0.32890621, 0.93152022]
[0.98851973, 0.034714162, 0.14704815;
  0.016298397, 0.94307035, -0.33219287;
  -0.15020855, 0.33077586, 0.93167788]
[0.98783183, 0.039608028, 0.15039818;
  0.013749822, 0.94100076, -0.33812526;
  -0.15491728, 0.33607885, 0.92900592]
[0.98804528, 0.041125894, 0.14857818;
  0.012208372, 0.93986267, -0.34133458;
  -0.15368077, 0.33906791, 0.92812479]
[0.98797196, 0.04168931, 0.14890675;
  0.012158705, 0.93904763, -0.34357214;
  -0.15415381, 0.34125015, 0.92724586]
[0.9874391, 0.044798009, 0.15151636;
  0.010436544, 0.93837553, -0.34545884;
  -0.15765512, 0.34270087, 0.92612118]
[0.98677659, 0.049314417, 0.15440592;
  0.0076810014, 0.93729877, -0.3484416;
  -0.16190769, 0.34502, 0.92452568]
[0.9877646, 0.048452295, 0.14823608;
  0.0077600777, 0.93406641, -0.35701466;
  -0.15576053, 0.35379675, 0.92226177]
[0.98731846, 0.047902171, 0.15135416;
  0.0096103279, 0.93360865, -0.35816586;
  -0.15846246, 0.35507834, 0.9213087]
[0.98844153, 0.047367562, 0.14401406;
  0.0082569439, 0.93170679, -0.36311731;
  -0.15137886, 0.36010933, 0.92054653]
[0.9875344, 0.051475216, 0.14875084;
  0.0075543839, 0.92842829, -0.37143448;
  -0.15722415, 0.36792806, 0.916466]
[0.98662698, 0.049749356, 0.15522014;
  0.01286634, 0.92554188, -0.3784261;
  -0.16248919, 0.37536252, 0.91252452]
[0.98562527, 0.052079592, 0.16071868;
  0.013794902, 0.92331654, -0.38379124;
  -0.1683819, 0.38049144, 0.90932572]
[0.98676664, 0.052405775, 0.15344627;
  0.012246978, 0.919541, -0.39280292;
  -0.16168529, 0.38948408, 0.90673053]
[0.98458588, 0.057423402, 0.16520523;
  0.013263538, 0.91733253, -0.39790028;
  -0.17439692, 0.39395821, 0.90243101]
[0.98392099, 0.059797104, 0.16829596;
  0.013372279, 0.91497916, -0.40327895;
  -0.17810223, 0.39904511, 0.89946759]
[0.98366487, 0.059540533, 0.16987745;
  0.014121892, 0.91528112, -0.40256795;
  -0.17945474, 0.39839095, 0.89948905]
[0.98315841, 0.06449715, 0.17099613;
  0.011875609, 0.9111318, -0.41194475;
  -0.18236928, 0.40703762, 0.89502096]
[0.98195702, 0.06598372, 0.17721768;
  0.013402603, 0.91050792, -0.41327384;
  -0.18862745, 0.40819234, 0.89319527]
[0.98248541, 0.065743521, 0.17435725;
  0.014660353, 0.90552217, -0.4240455;
  -0.1857626, 0.41917467, 0.88869852]
[0.98256856, 0.067731507, 0.17312333;
  0.011822115, 0.90661436, -0.42179415;
  -0.18552485, 0.41648835, 0.89001006]
[0.98315394, 0.064648196, 0.17097165;
  0.013939264, 0.90612477, -0.42278153;
  -0.18225372, 0.41804257, 0.88995898]
[0.98132783, 0.072075821, 0.17833263;
  0.011947264, 0.9025085, -0.43050581;
  -0.19197577, 0.42459792, 0.88479561]
[0.98025781, 0.071115911, 0.18449228;
  0.017410722, 0.89840788, -0.43881595;
  -0.19695611, 0.43336493, 0.87943316]
[0.98036933, 0.072552517, 0.18333347;
  0.015602857, 0.8983717, -0.43895891;
  -0.19654918, 0.43320239, 0.87960404]
[0.98174012, 0.073559359, 0.1754294;
  0.012015374, 0.89638966, -0.44310421;
  -0.18984756, 0.43712103, 0.87913787]
[0.98181015, 0.07133887, 0.17595501;
  0.014892575, 0.89493871, -0.44594097;
  -0.18928187, 0.4404498, 0.87759751]
[0.97950542, 0.077063702, 0.18609387;
  0.015941197, 0.8913551, -0.45302472;
  -0.20078748, 0.44670671, 0.87185866]
[0.97988796, 0.074757352, 0.18501517;
  0.019824244, 0.88611597, -0.46303853;
  -0.19856043, 0.45739365, 0.86681235]
[0.97969294, 0.075244442, 0.18584952;
  0.018765941, 0.88843286, -0.4586215;
  -0.19962354, 0.45279589, 0.86897933]
[0.98328537, 0.069833152, 0.16814721;
  0.018092932, 0.8814736, -0.47188643;
  -0.18117064, 0.46704128, 0.86547661]
[0.98049736, 0.072889522, 0.18251626;
  0.020895936, 0.88475454, -0.465588;
  -0.19541858, 0.46032166, 0.86597639]
[0.98013777, 0.078162633, 0.18226527;
  0.018905442, 0.87804508, -0.47820485;
  -0.19741486, 0.47215244, 0.8591274]
[0.98016143, 0.080997899, 0.18089558;
  0.016617022, 0.87588865, -0.48222706;
  -0.19750378, 0.47566631, 0.85716635]
[0.9805975, 0.078362316, 0.17969014;
  0.016830023, 0.87959105, -0.47543281;
  -0.19530985, 0.46923241, 0.861206]
[0.97949201, 0.084659442, 0.18283464;
  0.013252467, 0.87840611, -0.47773162;
  -0.20104755, 0.47035733, 0.8592698]
[0.978351, 0.09524028, 0.18373677;
  0.0039301515, 0.87910485, -0.47661251;
  -0.2069166, 0.46701643, 0.85969877]
[0.97219694, 0.11364561, 0.20473942;
  -0.0021069311, 0.87854648, -0.47765216;
  -0.23415616, 0.46394062, 0.85435963]
[0.97242463, 0.11300334, 0.2040109;
  -0.0030183797, 0.88079369, -0.47349048;
  -0.23319753, 0.45981804, 0.85684651]
[0.96944952, 0.11993545, 0.21396986;
  -0.0038719098, 0.87968451, -0.47554207;
  -0.24526033, 0.46018556, 0.85327411]
[0.96961373, 0.12160508, 0.21227741;
  -0.0056543853, 0.87861568, -0.47749561;
  -0.24457616, 0.461786, 0.8526054]
[0.97434342, 0.10669196, 0.19817282;
  5.9214304e-005, 0.88037968, -0.47426888;
  -0.225068, 0.46211252, 0.85778582]
[0.96948016, 0.1239852, 0.2115081;
  -0.0038316809, 0.87025815, -0.4925811;
  -0.24513941, 0.47673717, 0.84417307]
[0.969091, 0.12255709, 0.21410908;
  -0.0052104057, 0.87785232, -0.47890243;
  -0.24664904, 0.46298444, 0.85135734]
[0.96568304, 0.12979767, 0.22496602;
  -0.0063543185, 0.8777172, -0.47913715;
  -0.25964743, 0.46126512, 0.84842134]
[0.96439803, 0.13827731, 0.22542576;
  -0.011737268, 0.87395024, -0.48587251;
  -0.26419604, 0.46592861, 0.84445888]
[0.96556699, 0.131604, 0.2244146;
  -0.0077289566, 0.87674314, -0.4808965;
  -0.26004186, 0.4626033, 0.84757137]
[0.96722376, 0.12478615, 0.22114938;
  -0.0028578558, 0.87621421, -0.48191309;
  -0.2539103, 0.46548578, 0.84785181]
[0.96732116, 0.1272939, 0.2192872;
  -0.0048128702, 0.87390977, -0.48606461;
  -0.2535103, 0.46912518, 0.84596407]
[0.96479082, 0.1330267, 0.22689779;
  -0.0033810814, 0.86886942, -0.49502891;
  -0.26299661, 0.47683218, 0.838727]
[0.96541303, 0.12714694, 0.22762252;
  0.00072272157, 0.87172323, -0.48999774;
  -0.26072556, 0.47321472, 0.84148109]
[0.96587127, 0.12692477, 0.22579503;
  -9.4165269e-005, 0.87188762, -0.48970592;
  -0.2590237, 0.47297162, 0.84214318]
[0.96552694, 0.12813431, 0.22658117;
  -0.00061883772, 0.87158066, -0.49025157;
  -0.26030183, 0.47321087, 0.84161389]
[0.96344066, 0.13270518, 0.23274729;
  -0.0036390387, 0.87511605, -0.48389977;
  -0.26789689, 0.46536174, 0.84360528]
[0.96422416, 0.13233766, 0.22969323;
  -0.004581315, 0.8746655, -0.48470503;
  -0.26504946, 0.46631202, 0.8439799]
[0.96276587, 0.13113604, 0.23640078;
  -0.00074969727, 0.87575978, -0.48274562;
  -0.27033564, 0.46459377, 0.84324992]
[0.96415997, 0.12644109, 0.23325713;
  0.0025557857, 0.87467575, -0.48470092;
  -0.26531047, 0.4679254, 0.84300417]
[0.95988125, 0.13798933, 0.24410571;
  -0.0021410128, 0.8741194, -0.48570728;
  -0.28039995, 0.46569866, 0.83934629]
[0.9571684, 0.14043985, 0.25319129;
  -0.0001329903, 0.87469643, -0.4846707;
  -0.2895326, 0.4638778, 0.83725047]
[0.95861125, 0.13665667, 0.24977936;
  0.0024858718, 0.87323368, -0.48729557;
  -0.28470793, 0.46774796, 0.83675194]
[0.95549697, 0.14131071, 0.25895375;
  0.0061061028, 0.8681429, -0.49627575;
  -0.29493794, 0.47577116, 0.82864505]
[0.95840746, 0.13149008, 0.25330803;
  0.0087976344, 0.87351257, -0.48672131;
  -0.28526676, 0.46870583, 0.83602417]
[0.96075928, 0.12645552, 0.24688202;
  0.010599772, 0.87264997, -0.48823085;
  -0.27718106, 0.47168919, 0.83706617]
[0.96498287, 0.11745341, 0.23454933;
  0.011697893, 0.87399638, -0.48579141;
  -0.26205313, 0.47152412, 0.84201759]
[0.96179265, 0.1229466, 0.24461953;
  0.010799962, 0.87576097, -0.48262367;
  -0.27356517, 0.46682578, 0.84097266]
[0.96464157, 0.1148515, 0.2372265;
  0.015184551, 0.87435186, -0.48505467;
  -0.2631287, 0.47150609, 0.84169215]
[0.96441787, 0.11463775, 0.23823798;
  0.015760558, 0.87457347, -0.48463655;
  -0.26391426, 0.47114691, 0.84164757]
[0.96400774, 0.11427525, 0.24006175;
  0.015944785, 0.87644547, -0.48123661;
  -0.26539445, 0.46774355, 0.84307808]
[0.96300399, 0.11551648, 0.2434725;
  0.015705256, 0.87787688, -0.47862896;
  -0.26902843, 0.4647454, 0.84358478]
[0.96424031, 0.11006701, 0.24109323;
  0.016290741, 0.88334954, -0.46843114;
  -0.26452842, 0.45560777, 0.84996814]
[0.96602523, 0.10361767, 0.23676856;
  0.018288959, 0.88640946, -0.46254009;
  -0.2578012, 0.45115563, 0.85439885]
[0.96934676, 0.092476092, 0.22762983;
  0.020628333, 0.8925609, -0.45045343;
  -0.24482965, 0.44134119, 0.86329335]
[0.97027439, 0.086879432, 0.22587684;
  0.022366727, 0.89715445, -0.44114998;
  -0.24097326, 0.43308866, 0.86854273]
[0.97495681, 0.070581026, 0.21089865;
  0.030260324, 0.8973822, -0.44021451;
  -0.2203275, 0.435572, 0.87277305]
[0.97546136, 0.063140988, 0.21092409;
  0.037531011, 0.89629006, -0.4418771;
  -0.21694973, 0.43895021, 0.87192655]
[0.97740233, 0.053478878, 0.20451252;
  0.043222137, 0.89647192, -0.44098708;
  -0.20692322, 0.43986127, 0.87390226]
[0.98108339, 0.036523134, 0.1901122;
  0.050344843, 0.90011686, -0.43273005;
  -0.18692787, 0.43411544, 0.88125098]
[0.9832803, 0.027738854, 0.17997006;
  0.048238635, 0.91334194, -0.40432593;
  -0.17558974, 0.40624723, 0.89673305]
[0.98153698, 0.032486759, 0.18849374;
  0.045866806, 0.91674155, -0.39683902;
  -0.18569206, 0.39815778, 0.89832568]
[0.9821744, 0.026864307, 0.18604435;
  0.048485499, 0.92003846, -0.38881671;
  -0.18161325, 0.39090627, 0.9023357]
[0.98378259, 0.025215473, 0.17758377;
  0.043365475, 0.92726034, -0.37189782;
  -0.17404397, 0.37356761, 0.91112906]
[0.98081958, 0.029564803, 0.19266307;
  0.045056183, 0.92727268, -0.37166572;
  -0.18963942, 0.37321767, 0.90815508]
[0.9841758, 0.027865818, 0.17499141;
  0.037401058, 0.93264073, -0.35886222;
  -0.17320411, 0.35972837, 0.91684026]
[0.98271495, 0.027507341, 0.18307398;
  0.039847955, 0.93429148, -0.35427606;
  -0.18078966, 0.3554475, 0.91704607]
[0.98348886, 0.027973058, 0.17879519;
  0.035894867, 0.9381994, -0.34422848;
  -0.17737466, 0.34496272, 0.92170453]
[0.98311806, 0.024712259, 0.18129674;
  0.038951416, 0.93986017, -0.33933094;
  -0.17877921, 0.34066415, 0.92303097]
[0.98427171, 0.026725421, 0.17462802;
  0.030216511, 0.94845676, -0.31546289;
  -0.17405801, 0.31577784, 0.93273163]
[0.98439008, 0.026741793, 0.17395997;
  0.031281419, 0.94607085, -0.32244411;
  -0.17320119, 0.32285252, 0.93046629]
[0.98415303, 0.020953987, 0.17607991;
  0.034460358, 0.95146114, -0.30583271;
  -0.1739416, 0.30705398, 0.93566126]
[0.98381001, 0.022561362, 0.17778735;
  0.032000605, 0.95398599, -0.29813728;
  -0.17633303, 0.29899973, 0.93781894]
[0.98502302, 0.019125121, 0.17135575;
  0.030387508, 0.95901692, -0.2817151;
  -0.16972089, 0.28270292, 0.9440726]
[0.98747951, 0.016256111, 0.15690792;
  0.028490376, 0.95994049, -0.27875182;
  -0.15515368, 0.27973208, 0.94745845]
[0.98500133, 0.016314881, 0.17177097;
  0.031616863, 0.96159786, -0.27263522;
  -0.16962261, 0.27397689, 0.94665933]
[0.98611695, 0.014030682, 0.16545992;
  0.031430844, 0.9626407, -0.26895267;
  -0.16305204, 0.27041933, 0.94883531]
[0.98777848, 0.012113513, 0.15539278;
  0.029458273, 0.96449775, -0.26244241;
  -0.15305509, 0.26381257, 0.95235324]
[0.98727036, 0.0089894244, 0.15879589;
  0.033869408, 0.96361887, -0.26512384;
  -0.15540202, 0.26712725, 0.9510479]
[0.9864251, 0.0061736684, 0.1640949;
  0.036532301, 0.96599913, -0.25595009;
  -0.16009568, 0.25847036, 0.95266026]
[0.98807031, 0.0076686512, 0.15381292;
  0.030986656, 0.96843386, -0.2473368;
  -0.15085438, 0.2491523, 0.9566431]
[0.98676735, 0.010295797, 0.16181551;
  0.029288648, 0.97024709, -0.24033871;
  -0.15947551, 0.24189775, 0.95710659]
[0.98888224, 0.012600031, 0.14816596;
  0.022644352, 0.97202253, -0.23379254;
  -0.14696644, 0.2345484, 0.96093047]
[0.98886734, 0.0071860873, 0.14862525;
  0.024094157, 0.97791857, -0.20759138;
  -0.14683516, 0.20886134, 0.96685857]
[0.98570645, 0.0092945443, 0.1682148;
  0.026438572, 0.97757071, -0.20893978;
  -0.16638385, 0.21040064, 0.96335202]
[0.98944616, 0.00021517993, 0.1448973;
  0.030041659, 0.97796518, -0.20659512;
  -0.14174896, 0.20876771, 0.96763748]
[0.98881692, 0.0036095525, 0.14908896;
  0.027855581, 0.97764283, -0.2084187;
  -0.14650805, 0.21024089, 0.96660924]
[0.98722523, -0.002922236, 0.15930642;
  0.034948744, 0.97945517, -0.19861126;
  -0.15545312, 0.20164162, 0.96704495]
[0.98878652, -0.0054507204, 0.1492375;
  0.032902494, 0.98272818, -0.182105;
  -0.1456673, 0.18497327, 0.97188771]
[0.98870021, -0.0054005543, 0.14980963;
  0.033651825, 0.98184097, -0.18669771;
  -0.14608096, 0.18962942, 0.97092813]
[0.98821455, -0.0087236008, 0.15282781;
  0.039026871, 0.97974074, -0.19642991;
  -0.14801806, 0.20007929, 0.96853453]
[0.98705906, -0.0080279652, 0.16016048;
  0.039578326, 0.98004532, -0.19479389;
  -0.15540072, 0.19861196, 0.96768034]
[0.98752135, -0.012643171, 0.15697788;
  0.042197976, 0.98156649, -0.18640284;
  -0.1517275, 0.19070093, 0.96985137]
[0.98622859, -0.013461706, 0.16483738;
  0.043226767, 0.98301727, -0.17834854;
  -0.15963711, 0.18301782, 0.97006166]
[0.98564088, -0.019593187, 0.16771354;
  0.049811158, 0.98278254, -0.1779234;
  -0.16133985, 0.18372259, 0.96964663]
[0.98543364, -0.018424403, 0.16905907;
  0.049172416, 0.98251992, -0.17954625;
  -0.16279587, 0.18524396, 0.96911418]
[0.98497039, -0.02419511, 0.17101713;
  0.053642388, 0.98402876, -0.16973518;
  -0.16417901, 0.1763579, 0.97053707]
[0.98421067, -0.02710565, 0.1749121;
  0.056323588, 0.98479861, -0.164315;
  -0.16779932, 0.17157225, 0.97077602]
[0.98217487, -0.023972563, 0.18643238;
  0.056421086, 0.98369718, -0.1707529;
  -0.17929962, 0.17822792, 0.96751517]
[0.98319662, -0.03172686, 0.17977382;
  0.060980238, 0.98529351, -0.1596197;
  -0.17206575, 0.1679002, 0.97067195]
[0.98413306, -0.035710499, 0.17380089;
  0.065052569, 0.98394656, -0.1661858;
  -0.1650762, 0.17485513, 0.97065735]
[0.98231775, -0.034237538, 0.18406202;
  0.064212352, 0.98511499, -0.15945242;
  -0.175863, 0.16845199, 0.96989441]
[0.98286134, -0.033933759, 0.18119694;
  0.063463517, 0.98511469, -0.15975603;
  -0.17307866, 0.16851743, 0.97038472]
[0.98285097, -0.035089191, 0.18103087;
  0.065564491, 0.98407501, -0.16522038;
  -0.17235051, 0.17425621, 0.96949971]
[0.98313808, -0.037255444, 0.17903094;
  0.067368299, 0.98395789, -0.16519248;
  -0.17000459, 0.17446804, 0.96987629]
[0.98274732, -0.037641611, 0.18108211;
  0.067161039, 0.98486757, -0.15976399;
  -0.17232811, 0.16916929, 0.97040403]
[0.98302186, -0.039608333, 0.17916375;
  0.068667658, 0.98488289, -0.15902892;
  -0.17015645, 0.16863166, 0.97088122]
[0.98193824, -0.040053848, 0.18491217;
  0.069869675, 0.98501813, -0.15766428;
  -0.17582677, 0.16773634, 0.97002554]
[0.98288256, -0.041784268, 0.17942913;
  0.07146842, 0.98414767, -0.16231024;
  -0.16980276, 0.17235543, 0.97028786]
[0.98409718, -0.041214291, 0.1727839;
  0.070171148, 0.98379439, -0.16499582;
  -0.16318364, 0.17449637, 0.97104138]
[0.98402804, -0.038068458, 0.17389761;
  0.066809319, 0.98443645, -0.16254492;
  -0.1650033, 0.17156675, 0.97125638]
[0.98300546, -0.040573988, 0.17903602;
  0.070259556, 0.98416609, -0.16272743;
  -0.16959868, 0.17254095, 0.97029138]
[0.98402649, -0.041822363, 0.17304079;
  0.070018135, 0.98459762, -0.16020317;
  -0.16367549, 0.16976017, 0.97179848]
[0.98211408, -0.041368857, 0.18368536;
  0.071469828, 0.98445904, -0.16041484;
  -0.17419454, 0.17067364, 0.96980768]
[0.98155361, -0.039899271, 0.18697849;
  0.06941101, 0.98562056, -0.15405497;
  -0.17814316, 0.16419157, 0.97020888]
[0.98396116, -0.03860414, 0.17415443;
  0.067949295, 0.98380977, -0.16583258;
  -0.16493301, 0.17500648, 0.97065377]
[0.98332185, -0.039180562, 0.17760274;
  0.067799635, 0.9850989, -0.15806101;
  -0.16876334, 0.16746625, 0.9713257]
[0.98283124, -0.039651863, 0.180197;
  0.067845836, 0.98587745, -0.1531056;
  -0.17158124, 0.16270258, 0.97164136]
[0.98482627, -0.04616186, 0.16729155;
  0.070591718, 0.98717779, -0.14316797;
  -0.1585376, 0.15280497, 0.97545725]
[0.98291105, -0.049923047, 0.17717959;
  0.07402087, 0.98846549, -0.13212003;
  -0.16854008, 0.14297722, 0.97526902]
[0.98227984, -0.049192626, 0.18084955;
  0.07443656, 0.98796833, -0.13556632;
  -0.17200476, 0.14662588, 0.97412312]
[0.98187256, -0.05095702, 0.18256268;
  0.075026996, 0.9890008, -0.12746899;
  -0.17405918, 0.13885543, 0.97489589]
[0.98190945, -0.054304298, 0.18139713;
  0.077286944, 0.98949951, -0.12213761;
  -0.17285977, 0.1339477, 0.97579592]
[0.98230064, -0.055160917, 0.17900406;
  0.077697672, 0.98955244, -0.12144155;
  -0.17043507, 0.1332003, 0.97632384]
[0.98207939, -0.057486892, 0.17948584;
  0.079857305, 0.98955512, -0.12001305;
  -0.17071195, 0.13219559, 0.97641242]
[0.98240584, -0.058186945, 0.17746308;
  0.079582438, 0.99006313, -0.11593508;
  -0.16895375, 0.12801825, 0.97727448]
[0.98260468, -0.062090863, 0.17502311;
  0.082999691, 0.98991567, -0.11479475;
  -0.16613041, 0.12732472, 0.9778493]
[0.98359257, -0.065454729, 0.16811156;
  0.085840806, 0.98941404, -0.11700994;
  -0.15867309, 0.12952094, 0.97879899]
[0.98452258, -0.069921315, 0.16070618;
  0.085985437, 0.99172962, -0.095280528;
  -0.15271494, 0.10762423, 0.98239243]
[0.98435223, -0.074490845, 0.15969375;
  0.091242604, 0.99076736, -0.10027145;
  -0.15075004, 0.11327329, 0.98206079]
[0.98456681, -0.075629614, 0.1578248;
  0.09059231, 0.99182487, -0.089865588;
  -0.14973807, 0.10277639, 0.98336929]
[0.98445988, -0.077293724, 0.15768567;
  0.092028044, 0.99182636, -0.088380419;
  -0.14956555, 0.10151848, 0.98352647]
[0.98425025, -0.084906459, 0.15505812;
  0.098570526, 0.99169081, -0.082660533;
  -0.14675128, 0.096642807, 0.98444122]
[0.98252362, -0.085687838, 0.16524352;
  0.097604483, 0.99307477, -0.065384455;
  -0.15849651, 0.080370285, 0.984083]
[0.98253292, -0.091221452, 0.16219857;
  0.10476978, 0.99150914, -0.077023663;
  -0.15379515, 0.092671789, 0.9837476]
[0.98279303, -0.094803333, 0.15852612;
  0.10491949, 0.99286318, -0.05669713;
  -0.15201968, 0.072354026, 0.9857257]
[0.98396224, -0.097436003, 0.1494175;
  0.10636994, 0.99291331, -0.052995272;
  -0.14319497, 0.068038881, 0.98735344]
[0.98267138, -0.098701492, 0.15689239;
  0.10824177, 0.99268603, -0.053455535;
  -0.15046874, 0.069511533, 0.98616773]
[0.98153818, -0.098787002, 0.16377957;
  0.10827194, 0.99286228, -0.050017416;
  -0.15766948, 0.066826731, 0.98522812]
[0.98225993, -0.10181335, 0.15747891;
  0.10854776, 0.99348325, -0.034751821;
  -0.15291445, 0.051229306, 0.9869104]
[0.981731, -0.10346575, 0.15968433;
  0.10945743, 0.99356246, -0.029169746;
  -0.15563829, 0.04611548, 0.98673618]
[0.98084658, -0.10495669, 0.1640898;
  0.11381123, 0.99245942, -0.045499206;
  -0.15807702, 0.063303001, 0.98539567]
[0.97953844, -0.10775922, 0.16997732;
  0.11373411, 0.99317652, -0.025788007;
  -0.16603859, 0.044592563, 0.98511046]
[0.98063308, -0.11070172, 0.16156821;
  0.11479062, 0.99325788, -0.016167458;
  -0.15868913, 0.034400858, 0.98672909]
[0.98189086, -0.11503319, 0.15052427;
  0.11857684, 0.99283499, -0.014753217;
  -0.14774866, 0.032334741, 0.98849589]
[0.98052305, -0.11410663, 0.15985794;
  0.11989948, 0.99241745, -0.027043574;
  -0.15555996, 0.045683734, 0.98676956]
[0.98212993, -0.11621623, 0.1480324;
  0.12041267, 0.99252856, -0.019681077;
  -0.14463913, 0.03715435, 0.98878592]
[0.98262787, -0.12058444, 0.14107631;
  0.12357009, 0.99225634, -0.012565523;
  -0.13846865, 0.029780045, 0.98991936]
[0.98087621, -0.12000127, 0.15323652;
  0.12276787, 0.99239779, -0.0086876396;
  -0.15102905, 0.02733402, 0.98815167]
[0.98281747, -0.12747021, 0.133498;
  0.12855586, 0.99170154, 0.00049162819;
  -0.13245285, 0.016678769, 0.99104863]
[0.98230463, -0.12602572, 0.13854712;
  0.12647231, 0.99195391, 0.005609442;
  -0.13813931, 0.012012193, 0.9903397]
[0.98147607, -0.13065276, 0.14012133;
  0.13152471, 0.9913078, 0.0030585008;
  -0.13930297, 0.015427572, 0.99012893]
[0.98014438, -0.13025263, 0.14950338;
  0.13102615, 0.99136788, 0.0047043609;
  -0.1488256, 0.014977899, 0.98875016]
[0.98033535, -0.13714218, 0.14189649;
  0.13482538, 0.99053204, 0.025859304;
  -0.14409941, -0.0062195435, 0.98954386]
[0.97992742, -0.13744396, 0.14440008;
  0.13585845, 0.99050957, 0.020830425;
  -0.14589268, -0.00079433434, 0.98930043]
[0.97860378, -0.14212108, 0.14878088;
  0.13966453, 0.98983431, 0.026883902;
  -0.15108918, -0.0055292752, 0.98850489]
[0.97784096, -0.14137892, 0.15440208;
  0.13886051, 0.98994315, 0.027029008;
  -0.1566706, -0.004989719, 0.98763889]
[0.97891158, -0.14424419, 0.14465444;
  0.14208458, 0.98953331, 0.025204321;
  -0.14677596, -0.0041196365, 0.98916048]
[0.97880399, -0.14580232, 0.14381917;
  0.14414549, 0.98931324, 0.021929676;
  -0.1454796, -0.00073396973, 0.98936045]
[0.97850567, -0.14571963, 0.14591932;
  0.14288686, 0.98929113, 0.029763268;
  -0.14869379, -0.0082735717, 0.98884839]
[0.97878748, -0.1505305, 0.13898045;
  0.14653537, 0.98845172, 0.038600691;
  -0.14318603, -0.017416321, 0.98954225]
[0.9798246, -0.14776646, 0.13456805;
  0.14567633, 0.98900807, 0.025303686;
  -0.13682792, -0.005189795, 0.99058056]
[0.9798767, -0.15551531, 0.12512705;
  0.1516455, 0.98762757, 0.039935838;
  -0.12978956, -0.020157244, 0.99133641]
[0.97856617, -0.15543312, 0.13508956;
  0.15168868, 0.98771119, 0.037645008;
  -0.13928075, -0.016346576, 0.99011821]
[0.97665972, -0.1587089, 0.14473552;
  0.15429789, 0.98716158, 0.041279692;
  -0.1494288, -0.017983828, 0.98860937]
[0.97645152, -0.16335289, 0.14092532;
  0.15893705, 0.98638988, 0.04211678;
  -0.1458872, -0.018726738, 0.98912472]
[0.9751187, -0.16179039, 0.15155165;
  0.15835699, 0.9867776, 0.034537826;
  -0.15513566, -0.009679215, 0.98784596]
[0.97547162, -0.17004165, 0.13978927;
  0.16380315, 0.98495477, 0.055068113;
  -0.14704998, -0.030819461, 0.98864877]
[0.97574514, -0.16885555, 0.13931832;
  0.16342036, 0.98530602, 0.049651138;
  -0.14565505, -0.025679406, 0.98900199]
[0.9761979, -0.17558296, 0.12731491;
  0.16894345, 0.98371887, 0.061283089;
  -0.13600235, -0.0383154, 0.98996788]
[0.97564507, -0.17585512, 0.13111691;
  0.16964009, 0.98384237, 0.057237972;
  -0.13906395, -0.033601262, 0.98971301]
[0.97538829, -0.1829946, 0.12300587;
  0.17583543, 0.98214895, 0.066824414;
  -0.1330386, -0.043550961, 0.99015349]
[0.97485936, -0.180793, 0.13024555;
  0.17232816, 0.98228109, 0.073659763;
  -0.14125492, -0.049362928, 0.98874164]
[0.97451097, -0.18427187, 0.12795535;
  0.17743436, 0.98211277, 0.063019946;
  -0.13727938, -0.038709953, 0.98977584]
[0.97444534, -0.18613581, 0.12574333;
  0.17968807, 0.98183686, 0.060905997;
  -0.13479622, -0.036754992, 0.99019271]
[0.97458255, -0.18626165, 0.12447833;
  0.17993385, 0.98182344, 0.0603787;
  -0.13346198, -0.036446165, 0.99038279]
[0.97473431, -0.18704586, 0.1220967;
  0.17999268, 0.98141491, 0.06654004;
  -0.13227355, -0.042882353, 0.99028569]
[0.97475344, -0.18922251, 0.11853366;
  0.1817936, 0.98078978, 0.070724823;
  -0.12963933, -0.047390599, 0.99042767]
[0.97464192, -0.19072208, 0.11703535;
  0.18265551, 0.98021519, 0.076255694;
  -0.12926348, -0.052944839, 0.99019521]
[0.97447425, -0.18970785, 0.12004363;
  0.18200892, 0.98063952, 0.072239093;
  -0.13142385, -0.048546121, 0.99013644]
[0.9743672, -0.18951407, 0.12121582;
  0.18166637, 0.98065329, 0.072910681;
  -0.13268828, -0.049020939, 0.98994476]
[0.97429836, -0.19124322, 0.11903046;
  0.18325061, 0.98020744, 0.074913479;
  -0.13100123, -0.051175676, 0.99005997]
[0.97427809, -0.18988681, 0.12135088;
  0.18175505, 0.98048037, 0.074988715;
  -0.13322152, -0.051003728, 0.98977345]
[0.97420448, -0.18825465, 0.12444511;
  0.18063474, 0.98105508, 0.07001476;
  -0.13526811, -0.045729585, 0.9897536]
[0.97555739, -0.18952332, 0.11121318;
  0.18224891, 0.98058438, 0.072380401;
  -0.12277168, -0.050342761, 0.99115676]
[0.97563708, -0.18764724, 0.11366746;
  0.18074772, 0.98115271, 0.068328395;
  -0.12434677, -0.046118587, 0.99116582]
[0.97494769, -0.18670478, 0.12090672;
  0.17928332, 0.98132592, 0.069689304;
  -0.13166022, -0.046266869, 0.99021453]
[0.975151, -0.18629389, 0.11989388;
  0.17929779, 0.98152351, 0.066806525;
  -0.13012432, -0.043649741, 0.99053574]
[0.97473896, -0.18786524, 0.1207915;
  0.18059343, 0.9811579, 0.068665534;
  -0.1314154, -0.045116819, 0.9903]
[0.97501588, -0.18839478, 0.11769153;
  0.18060917, 0.98078728, 0.073734492;
  -0.12932155, -0.050636128, 0.990309]
[0.9746874, -0.18971239, 0.11829929;
  0.18171386, 0.9804734, 0.07518322;
  -0.1302525, -0.051783517, 0.9901284]
[0.97462958, -0.191221, 0.11632396;
  0.18253031, 0.97982812, 0.081359096;
  -0.12953506, -0.05806233, 0.98987311]
[0.97430086, -0.19115995, 0.1191503;
  0.18265936, 0.98002243, 0.078687511;
  -0.13181186, -0.054901395, 0.9897539]
[0.97486687, -0.19120426, 0.1143489;
  0.1825712, 0.97978222, 0.081817321;
  -0.12768084, -0.058884181, 0.99006563]
[0.97551566, -0.18488856, 0.11910243;
  0.17601845, 0.98103076, 0.081215128;
  -0.1318589, -0.0582624, 0.98955464]
[0.9754225, -0.18966137, 0.11215681;
  0.18124412, 0.98008901, 0.081094757;
  -0.12530419, -0.05877389, 0.99037588]
[0.97464472, -0.18952665, 0.11894554;
  0.18122774, 0.98040712, 0.077185489;
  -0.13124375, -0.053672198, 0.98989612]
[0.97586095, -0.18489416, 0.11623444;
  0.17708956, 0.98138535, 0.074310243;
  -0.1278103, -0.051932558, 0.99043846]
[0.97480237, -0.18051359, 0.13105203;
  0.17289428, 0.98262799, 0.067449935;
  -0.14095102, -0.043092206, 0.98907787]
[0.97498512, -0.18240675, 0.12701076;
  0.17414849, 0.98197728, 0.073433429;
  -0.13811643, -0.049477771, 0.98917913]
[0.97478056, -0.18316469, 0.1274904;
  0.17385878, 0.98145497, 0.080740243;
  -0.13991486, -0.056538697, 0.98854804]
[0.97422069, -0.18468609, 0.12955309;
  0.17427643, 0.98078829, 0.087641135;
  -0.14325026, -0.06280376, 0.98769069]
[0.97416127, -0.18492986, 0.12965941;
  0.17422844, 0.98061919, 0.089612827;
  -0.1437186, -0.064706981, 0.98750132]
[0.97454911, -0.1842255, 0.12773305;
  0.17423315, 0.98098356, 0.085518569;
  -0.14105873, -0.061086714, 0.98811483]
[0.97477072, -0.18645561, 0.12270883;
  0.17728269, 0.98074239, 0.081942767;
  -0.13562444, -0.058121257, 0.98905432]
[0.97476465, -0.19081932, 0.11585164;
  0.18259251, 0.98009014, 0.077990025;
  -0.12842706, -0.054868273, 0.99019939]
[0.97458452, -0.18791202, 0.12196172;
  0.18168877, 0.9815008, 0.060384817;
  -0.13105255, -0.036691032, 0.99069697]
[0.97357672, -0.18899788, 0.12817186;
  0.18041492, 0.98067623, 0.075661622;
  -0.13999498, -0.050538279, 0.98886156]
[0.97386569, -0.18884052, 0.12619568;
  0.18156041, 0.98109484, 0.067000329;
  -0.13646232, -0.042337183, 0.98974055]
[0.9732669, -0.18728217, 0.13295604;
  0.17880732, 0.98116046, 0.07315734;
  -0.14415228, -0.047428101, 0.98841846]
[0.9742322, -0.18803561, 0.124558;
  0.18061735, 0.98116541, 0.068490662;
  -0.13509068, -0.044228472, 0.9898454]
[0.97407436, -0.18123332, 0.13539882;
  0.17565507, 0.98306835, 0.052167397;
  -0.14256077, -0.027031435, 0.98941624]
[0.97473043, -0.18139201, 0.13037938;
  0.17412187, 0.98255998, 0.065246135;
  -0.13994069, -0.040895492, 0.98931545]
[0.97536296, -0.17586966, 0.13317737;
  0.17034715, 0.98401761, 0.051874585;
  -0.14017203, -0.027910164, 0.98973322]
[0.97609395, -0.17245032, 0.13229682;
  0.16608442, 0.98441523, 0.057817124;
  -0.14020558, -0.034462504, 0.98952305]
[0.97634828, -0.15866904, 0.14686029;
  0.15335421, 0.98705733, 0.046902291;
  -0.15240146, -0.023271328, 0.98804432]
[0.97705287, -0.15421338, 0.14692314;
  0.15046601, 0.98794687, 0.036352955;
  -0.15075837, -0.01341182, 0.98848015]
[0.97838974, -0.1421292, 0.15017587;
  0.13971846, 0.98983556, 0.026536658;
  -0.15242104, -0.0049808528, 0.98830301]
[0.98021269, -0.13148414, 0.14796968;
  0.12969843, 0.99131596, 0.021690836;
  -0.14953671, -0.0020701978, 0.9887538]
[0.97943652, -0.13153468, 0.15297966;
  0.12916405, 0.99129874, 0.025377952;
  -0.15498662, -0.0050966199, 0.98790371]
[0.97974098, -0.12210512, 0.15873806;
  0.12184222, 0.9924835, 0.011425167;
  -0.15893999, 0.0081472928, 0.98725432]
[0.97974283, -0.12158584, 0.15912703;
  0.12347294, 0.99234563, -0.001988037;
  -0.15766729, 0.021595646, 0.98725605]
[0.98060137, -0.11321557, 0.16000983;
  0.11558892, 0.9932813, -0.0055728266;
  -0.15830384, 0.023960086, 0.98709947]
[0.98086965, -0.10702092, 0.16260692;
  0.11133509, 0.99362665, -0.017629191;
  -0.15968388, 0.035395794, 0.98653346]
[0.98139632, -0.10159746, 0.16290881;
  0.1077681, 0.99373847, -0.029477678;
  -0.1588939, 0.046485659, 0.98620021]
[0.98149884, -0.09501116, 0.16623133;
  0.10295539, 0.99388832, -0.039824996;
  -0.16143157, 0.056202598, 0.98528212]
[0.97936404, -0.087128744, 0.18236066;
  0.098823965, 0.99352562, -0.056042556;
  -0.17629707, 0.072907671, 0.98163372]
[0.98117959, -0.077819146, 0.17672291;
  0.090541191, 0.99376237, -0.065096207;
  -0.17055486, 0.079871774, 0.98210526]
[0.98154521, -0.083723143, 0.17192824;
  0.096303262, 0.99315006, -0.066173434;
  -0.16521029, 0.081509471, 0.98288453]
[0.98430574, -0.081352197, 0.15660532;
  0.093847431, 0.99282378, -0.074112847;
  -0.14945224, 0.087646708, 0.98487687]
[0.98333305, -0.077652521, 0.1643967;
  0.091309249, 0.99282479, -0.077206776;
  -0.15722182, 0.090930909, 0.9833678]
[0.98299867, -0.070168301, 0.16967766;
  0.084394373, 0.99336356, -0.078132607;
  -0.16306917, 0.091124088, 0.98239684]
[0.98282564, -0.066237733, 0.17223996;
  0.081394807, 0.99326396, -0.082476251;
  -0.16561671, 0.095079213, 0.98159671]
[0.98275489, -0.06235807, 0.17408477;
  0.080864988, 0.99156147, -0.10132311;
  -0.16629744, 0.11365315, 0.97950447]
[0.98264647, -0.061142545, 0.17512128;
  0.080134533, 0.99139386, -0.1035175;
  -0.16728483, 0.11575437, 0.97908932]
[0.98252124, -0.056654993, 0.17731901;
  0.076152809, 0.99153483, -0.10516045;
  -0.16986009, 0.11682572, 0.97851843]
[0.98298579, -0.052582614, 0.17599604;
  0.072869018, 0.99116027, -0.11086556;
  -0.16861068, 0.12180394, 0.97812808]
[0.98465234, -0.052023772, 0.16659226;
  0.074290097, 0.98868066, -0.13035032;
  -0.15792523, 0.14072591, 0.97737157]
[0.98197681, -0.050821658, 0.18203881;
  0.075237535, 0.98867631, -0.12983827;
  -0.17337887, 0.14119433, 0.9746809]
[0.98428637, -0.050523344, 0.16919841;
  0.073967636, 0.98804444, -0.13526288;
  -0.16034162, 0.14565261, 0.97625577]
[0.98446554, -0.04874859, 0.16867633;
  0.072826222, 0.98751986, -0.13964461;
  -0.15976375, 0.14975935, 0.97572947]
[0.98697275, -0.049179163, 0.15318631;
  0.071719088, 0.98678714, -0.14528492;
  -0.14401729, 0.15437865, 0.97745913]
[0.98711717, -0.047302704, 0.15284474;
  0.070669733, 0.98596293, -0.15127029;
  -0.14354375, 0.16012299, 0.97660381]
[0.9866634, -0.044452388, 0.15658598;
  0.066141345, 0.98847777, -0.1361507;
  -0.14872953, 0.14469174, 0.97823495]
[0.98670614, -0.044098068, 0.1564151;
  0.06635417, 0.98791742, -0.1400573;
  -0.14834894, 0.14857419, 0.97771031]
[0.98484623, -0.037790854, 0.16926394;
  0.063038431, 0.98721886, -0.14637247;
  -0.16156903, 0.15482451, 0.97464103]
[0.98670149, -0.039578069, 0.15765058;
  0.063408546, 0.98678207, -0.14913079;
  -0.14966446, 0.15714398, 0.97616893]
[0.98781931, -0.043350115, 0.1494423;
  0.065304875, 0.98723096, -0.14529344;
  -0.14123559, 0.15328297, 0.97803676]
[0.98611516, -0.041945558, 0.16067867;
  0.065898381, 0.9869712, -0.14677998;
  -0.15242845, 0.15533043, 0.97603142]
[0.98641402, -0.041567758, 0.15893503;
  0.063501067, 0.98873758, -0.13552079;
  -0.15151174, 0.14377214, 0.9779442]
[0.98583364, -0.041012388, 0.16263603;
  0.064643547, 0.98763943, -0.14278787;
  -0.15476969, 0.15127845, 0.97629941]
[0.98489213, -0.040426437, 0.16838431;
  0.065807752, 0.98679483, -0.14800169;
  -0.1601776, 0.15684669, 0.97454685]
[0.98476583, -0.041152664, 0.16894482;
  0.065461896, 0.98785043, -0.14094697;
  -0.16109188, 0.1498592, 0.97549528]
[0.98432487, -0.037140694, 0.17241061;
  0.062842734, 0.98727167, -0.1461027;
  -0.16478975, 0.15464728, 0.97413003]
[0.98569638, -0.038159285, 0.16415435;
  0.063281313, 0.98655933, -0.15065001;
  -0.15619931, 0.15888306, 0.97486269]
[0.98410249, -0.037705325, 0.17355162;
  0.064873695, 0.98599434, -0.15364464;
  -0.1653277, 0.162461, 0.97276556]
[0.98408991, -0.030472994, 0.17503628;
  0.057553653, 0.98673493, -0.15179351;
  -0.16808881, 0.15945244, 0.9727897]
[0.98611897, -0.03610393, 0.16206414;
  0.06094772, 0.98664516, -0.15105172;
  -0.15444624, 0.1588324, 0.97514993]
[0.98620123, -0.036545247, 0.16146417;
  0.061503336, 0.98640382, -0.15239619;
  -0.15369952, 0.16022389, 0.97504032]
[0.98570955, -0.035780534, 0.16461086;
  0.061464641, 0.98620474, -0.15369289;
  -0.1568408, 0.1616143, 0.97431064]
[0.98748922, -0.036927216, 0.15329883;
  0.061618131, 0.98525912, -0.15958758;
  -0.14514594, 0.167037, 0.97520816]
[0.9851777, -0.032463048, 0.16843811;
  0.059259318, 0.98588377, -0.15659367;
  -0.1609769, 0.16425411, 0.97319442]
[0.98589879, -0.040035132, 0.16248326;
  0.065882914, 0.98540533, -0.15695839;
  -0.15382802, 0.16544996, 0.97414756]
[0.98670071, -0.036935568, 0.15829501;
  0.06359233, 0.98393697, -0.16680482;
  -0.14959127, 0.17465279, 0.97320014]
[0.98871791, -0.035765711, 0.14545804;
  0.060116809, 0.98418432, -0.1666358;
  -0.13719767, 0.17350027, 0.97523081]
[0.98907584, -0.037083041, 0.14266941;
  0.05988396, 0.98545927, -0.15901127;
  -0.13469826, 0.16581783, 0.97691464]
[0.98899966, -0.037096594, 0.14319173;
  0.060650367, 0.98462492, -0.16381623;
  -0.13491312, 0.17069884, 0.97604364]
[0.99152404, -0.04221696, 0.12287416;
  0.062775917, 0.98368502, -0.16859211;
  -0.11375202, 0.17487668, 0.97799754]
[0.99255842, -0.043257196, 0.11383224;
  0.062248122, 0.98365277, -0.16897506;
  -0.10466201, 0.17480347, 0.97902554]
[0.99286586, -0.051750235, 0.1074222;
  0.069233254, 0.9836905, -0.16601002;
  -0.097079135, 0.17226286, 0.98025554]
[0.99396008, -0.051274102, 0.097028084;
  0.067769736, 0.98219806, -0.17519788;
  -0.086317681, 0.18071528, 0.9797405]
[0.99534398, -0.058218777, 0.07681518;
  0.070888661, 0.98216206, -0.17416227;
  -0.065305442, 0.17879669, 0.9817161]
[0.99564976, -0.060092561, 0.071204975;
  0.071581624, 0.98254305, -0.17171167;
  -0.059643358, 0.17606165, 0.98257029]
[0.99708772, -0.062667742, 0.043466821;
  0.069460049, 0.98153329, -0.17823386;
  -0.031494617, 0.18073401, 0.9830277]
[0.99715912, -0.063611478, 0.04033941;
  0.069856532, 0.98129487, -0.17938901;
  -0.028173655, 0.18169737, 0.98295087]
[0.99743295, -0.065769322, 0.028320847;
  0.069892779, 0.98020691, -0.18522787;
  -0.015577978, 0.1867318, 0.98228747]
[0.99707907, -0.073246844, 0.021623008;
  0.075948566, 0.980748, -0.17990398;
  -0.0080293221, 0.18102074, 0.9834463]
[0.99702561, -0.075520679, 0.015381029;
  0.077068791, 0.97847104, -0.19145443;
  -0.00059112348, 0.19207036, 0.98138094]
[0.99730211, -0.073380597, 0.0019250391;
  0.072415031, 0.97920787, -0.18949375;
  0.01202015, 0.18912192, 0.98187995]
[0.99710667, -0.075703226, 0.0068453657;
  0.075567983, 0.97753227, -0.19677472;
  0.0082049156, 0.19672269, 0.9804247]
[0.9972797, -0.073691644, -0.0017056845;
  0.071937352, 0.97806126, -0.19550228;
  0.016075147, 0.19484776, 0.9807018]
[0.99717575, -0.074852586, -0.0061750142;
  0.072188251, 0.97788018, -0.19631527;
  0.020733129, 0.19531506, 0.98052186]
[0.99727815, -0.073530786, -0.0054388652;
  0.071016423, 0.97777069, -0.19728541;
  0.019824514, 0.19636218, 0.98033124]
[0.99705327, -0.074377351, -0.018787215;
  0.06906949, 0.97693628, -0.20205092;
  0.033381924, 0.20015791, 0.9791947]
[0.99677658, -0.072799683, -0.033717699;
  0.06496536, 0.97900182, -0.19322327;
  0.047076281, 0.19040994, 0.98057556]
[0.99645364, -0.071127161, -0.044957161;
  0.061460327, 0.98015368, -0.18847358;
  0.057470519, 0.18504211, 0.98104924]
[0.99621248, -0.06971322, -0.051970288;
  0.058279153, 0.9788838, -0.19593486;
  0.064532124, 0.19216397, 0.97923911]
[0.99644977, -0.066243, -0.051957224;
  0.054851118, 0.97901797, -0.19625358;
  0.06386748, 0.19270693, 0.97917575]
[0.99402463, -0.073307388, -0.080876514;
  0.057002455, 0.98048902, -0.18812887;
  0.093089767, 0.18239456, 0.97880894]
[0.99247628, -0.077538021, -0.094754085;
  0.057970885, 0.97925997, -0.19413559;
  0.10784177, 0.18718198, 0.97638726]
[0.99319541, -0.069321573, -0.09358307;
  0.050962105, 0.98122978, -0.18598516;
  0.10471928, 0.17995042, 0.9780857]
[0.99057418, -0.072414748, -0.1162709;
  0.049875032, 0.98124188, -0.18621613;
  0.12757467, 0.17866188, 0.97560453]
[0.98994029, -0.070111297, -0.12289135;
  0.045720968, 0.9805066, -0.19109206;
  0.13389349, 0.18355103, 0.97384852]
[0.98928308, -0.069225572, -0.1285565;
  0.044850022, 0.98197001, -0.18363997;
  0.13895121, 0.17590615, 0.97455108]
[0.98281562, -0.075547434, -0.16842455;
  0.045653999, 0.98355049, -0.17476854;
  0.17885736, 0.164076, 0.97009778]
[0.98199177, -0.072442293, -0.17448319;
  0.040441997, 0.98275852, -0.18041593;
  0.18454459, 0.17011051, 0.96799046]
[0.98111641, -0.071932301, -0.17954662;
  0.039490473, 0.98321646, -0.17811684;
  0.18934555, 0.16766298, 0.96749043]
[0.9749164, -0.076067336, -0.2091703;
  0.042144898, 0.98587453, -0.16209355;
  0.21854569, 0.1492122, 0.96435106]
[0.97678006, -0.07173764, -0.20187612;
  0.034172487, 0.98237908, -0.18374914;
  0.2115006, 0.17258388, 0.9620198]
[0.97313267, -0.071152426, -0.2189763;
  0.033647999, 0.98479021, -0.17045781;
  0.2277742, 0.15850994, 0.96072567]
[0.97200006, -0.070911936, -0.22402537;
  0.030584484, 0.98344696, -0.17859593;
  0.23298165, 0.16674355, 0.95807934]
[0.96833837, -0.071821257, -0.23908569;
  0.029934492, 0.98421639, -0.17441833;
  0.247839, 0.16173905, 0.95520443]
[0.96889722, -0.0668483, -0.23826215;
  0.026737204, 0.98546541, -0.16776122;
  0.24601366, 0.15617292, 0.95660204]
[0.9698047, -0.062775381, -0.23566397;
  0.021943446, 0.984846, -0.17203914;
  0.24289253, 0.16167308, 0.95648581]
[0.96616584, -0.067942537, -0.24881104;
  0.024169026, 0.984285, -0.1749268;
  0.25678593, 0.16299477, 0.95262468]
[0.96458203, -0.070739925, -0.25411981;
  0.027597103, 0.98514587, -0.16948542;
  0.26233447, 0.15646961, 0.95220625]
[0.9617424, -0.0664979, -0.26576272;
  0.020214502, 0.98467427, -0.17322829;
  0.27320904, 0.16122875, 0.94834721]
[0.95825601, -0.070948765, -0.27696741;
  0.023904026, 0.98521078, -0.1696714;
  0.28490925, 0.15596801, 0.94578016]
[0.95272976, -0.076349385, -0.29406977;
  0.024963425, 0.98430866, -0.17468032;
  0.30279216, 0.15908216, 0.93968606]
[0.95317984, -0.068897575, -0.29445064;
  0.019657401, 0.98575699, -0.16702114;
  0.30176413, 0.15341306, 0.94095802]
[0.95367682, -0.066241458, -0.29344866;
  0.014289618, 0.98432946, -0.17575771;
  0.30049261, 0.16342278, 0.93967879]
[0.94662845, -0.069232486, -0.31480396;
  0.015442701, 0.98527998, -0.17024873;
  0.32195675, 0.15630086, 0.93376321]
[0.95015121, -0.070744693, -0.303657;
  0.017710596, 0.98459142, -0.17396888;
  0.31128544, 0.1599188, 0.9367637]
[0.9427489, -0.071946986, -0.3256512;
  0.016436206, 0.98528957, -0.1701005;
  0.33309895, 0.15500958, 0.93006325]
[0.93974894, -0.070803441, -0.33445373;
  0.018253492, 0.9873144, -0.15772553;
  0.34137848, 0.14211746, 0.92912006]
[0.93821895, -0.075250871, -0.33776078;
  0.020150388, 0.98629326, -0.16376702;
  0.34545478, 0.14684331, 0.92687535]
[0.93858826, -0.07442385, -0.33691749;
  0.021948205, 0.9873606, -0.15696229;
  0.3443408, 0.13992824, 0.92835855]
[0.93639749, -0.071344428, -0.34361321;
  0.018136514, 0.98764718, -0.15564123;
  0.35047275, 0.13951011, 0.92612427]
[0.93220794, -0.07271938, -0.3545422;
  0.014860829, 0.98647088, -0.16325986;
  0.36161768, 0.14692335, 0.92067671]
[0.92411131, -0.070330381, -0.37559626;
  0.010493138, 0.98721665, -0.15903935;
  0.38198015, 0.14302889, 0.91303605]
[0.92813748, -0.069766156, -0.36564064;
  0.0078447945, 0.98572683, -0.16816947;
  0.37215433, 0.15321602, 0.91543728]
[0.92343491, -0.068938948, -0.37751088;
  0.0064692358, 0.98638767, -0.16430463;
  0.38369906, 0.14928243, 0.91131079]
[0.91613907, -0.063690893, -0.39576796;
  -0.0019126687, 0.9865914, -0.16319978;
  0.4008556, 0.15027067, 0.90373307]
[0.9104622, -0.065372892, -0.40839264;
  0.0031345033, 0.98849094, -0.1512436;
  0.41357964, 0.13642146, 0.90018857]
[0.90397865, -0.062190346, -0.42302984;
  -0.001071354, 0.98903257, -0.14768866;
  0.42757508, 0.1339606, 0.89399767]
[0.90649468, -0.060573969, -0.41785064;
  -0.0029056368, 0.98873687, -0.14963742;
  0.42220849, 0.13685964, 0.89610869]
[0.90460426, -0.062210128, -0.42168903;
  0.00021708281, 0.98935932, -0.14549223;
  0.42625305, 0.13152134, 0.89499217]
[0.90273815, -0.062939323, -0.42556074;
  -0.0020298581, 0.98860478, -0.15051918;
  0.43018496, 0.13674323, 0.89232355]
[0.89664561, -0.06381426, -0.43812522;
  0.00024771536, 0.98963004, -0.14363624;
  0.44274792, 0.12868229, 0.8873632]
[0.89438021, -0.064178228, -0.44268003;
  -0.00023819163, 0.98958522, -0.14394809;
  0.44730794, 0.12884976, 0.88505018]
[0.89393783, -0.063742928, -0.44363537;
  -0.00090751651, 0.98957473, -0.14401428;
  0.44819024, 0.12914242, 0.88456041]
[0.89304876, -0.061392158, -0.44575244;
  -0.00070435106, 0.9904564, -0.13782373;
  0.44995967, 0.12339728, 0.88448262]
[0.89321846, -0.061733138, -0.44536471;
  -0.00022947293, 0.9904663, -0.13775088;
  0.44962254, 0.12314383, 0.88468862]
[0.88775402, -0.063738488, -0.4558841;
  0.0027968104, 0.9910956, -0.13312198;
  0.46030971, 0.11690456, 0.88002741]
[0.88422477, -0.065864645, -0.46239376;
  0.0082156397, 0.99204737, -0.12559997;
  0.4669891, 0.10725974, 0.87773395]
[0.88500023, -0.063411303, -0.46125188;
  0.006531585, 0.99227458, -0.12388318;
  0.4655441, 0.10662393, 0.87857741]
[0.88454264, -0.062836401, -0.46220905;
  0.0032994768, 0.99170297, -0.12850627;
  0.46644896, 0.11214423, 0.87741089]
[0.88490456, -0.063211463, -0.46146253;
  0.00067929708, 0.99092203, -0.13443524;
  0.46577123, 0.11864889, 0.87691432]
[0.88351858, -0.064292938, -0.46396258;
  -0.004152725, 0.98942041, -0.14501522;
  0.4683775, 0.13005035, 0.87390435]
[0.87867755, -0.068246067, -0.47251195;
  0.0017024286, 0.99017119, -0.13984682;
  0.47741172, 0.12207584, 0.87015736]
[0.87275195, -0.064795502, -0.48384479;
  0.0016496043, 0.99153751, -0.12980916;
  0.4881613, 0.11249305, 0.86547315]
[0.86868614, -0.062768981, -0.49136981;
  0.00041536646, 0.9920311, -0.12599096;
  0.49536246, 0.1092425, 0.8617897]
[0.86897975, -0.065291524, -0.49052134;
  0.001186015, 0.99152941, -0.12987867;
  0.49484631, 0.11228017, 0.86169642]
[0.86226773, -0.067212038, -0.50197297;
  0.0053899335, 0.99231625, -0.12360893;
  0.50642395, 0.10387839, 0.85600454]
[0.86080229, -0.065625757, -0.50468981;
  -0.00025082979, 0.99159652, -0.12936711;
  0.50893843, 0.1114861, 0.8535521]
[0.863599, -0.063657619, -0.5001449;
  0.0014038438, 0.99229664, -0.12387438;
  0.50417769, 0.10627566, 0.85703576]
[0.8655113, -0.064679593, -0.49669659;
  0.0021026717, 0.9920879, -0.12552592;
  0.50088567, 0.10759971, 0.85879928]
[0.86402047, -0.068366848, -0.49879274;
  0.0069311359, 0.99225825, -0.12399848;
  0.50340861, 0.10368002, 0.85780531]
[0.8604427, -0.064661197, -0.50542766;
  0.0079457834, 0.99349743, -0.11357517;
  0.50948495, 0.093708903, 0.8553614]
[0.86172819, -0.063638307, -0.50336272;
  0.0092270505, 0.99390411, -0.10986023;
  0.50728559, 0.090025105, 0.85706234]
[0.86089176, -0.063785367, -0.50477403;
  0.0079731308, 0.99368, -0.11196813;
  0.50872582, 0.092367806, 0.85595948]
[0.85255653, -0.057968605, -0.51941013;
  -0.004543433, 0.99296975, -0.11827762;
  0.52261496, 0.10319827, 0.84629947]
[0.85714835, -0.06115083, -0.51142699;
  -0.0014126597, 0.99264437, -0.12105731;
  0.51506788, 0.10448655, 0.85075712]
[0.85828304, -0.059144303, -0.5097571;
  0.0013295969, 0.99358916, -0.11304259;
  0.51317501, 0.096344762, 0.85285938]
[0.86232615, -0.054964472, -0.50336152;
  0.00025255111, 0.99413753, -0.10812265;
  0.50635344, 0.093109868, 0.85728467]
[0.85669297, -0.051828701, -0.51321632;
  -0.0072628926, 0.9936285, -0.11246763;
  0.51577538, 0.10007767, 0.85085815]
[0.85813737, -0.05692061, -0.51025474;
  -0.0074960873, 0.99234027, -0.1233061;
  0.51336503, 0.10963849, 0.85113758]
[0.85090125, -0.051879186, -0.52275753;
  -0.014391117, 0.99243611, -0.12191559;
  0.52512836, 0.1112612, 0.84371853]
[0.85427505, -0.059709605, -0.51638108;
  -0.0026028892, 0.99287713, -0.11911319;
  0.51981515, 0.10309951, 0.84803474]
[0.86210454, -0.056288678, -0.5035941;
  -0.0067856801, 0.99243903, -0.12254549;
  0.50668436, 0.10906425, 0.85520422]
[0.86383986, -0.05647004, -0.5005914;
  -0.0091820545, 0.99176687, -0.12772349;
  0.50368255, 0.11492909, 0.85620928]
[0.86112553, -0.060180601, -0.50481766;
  -0.00088650035, 0.99278939, -0.11986583;
  0.5083912, 0.10366704, 0.85486293]
[0.866283, -0.061938349, -0.49569929;
  0.0026873001, 0.99284679, -0.11936188;
  0.49954653, 0.10206908, 0.8602528]
[0.86308438, -0.066552043, -0.50065571;
  0.00091656123, 0.9914847, -0.13021855;
  0.50505883, 0.11193071, 0.85579592]
[0.86814225, -0.065943472, -0.49191475;
  -0.003005818, 0.99041718, -0.13807477;
  0.49630594, 0.12134714, 0.8596248]
[0.87141937, -0.070495591, -0.48544618;
  0.0095445458, 0.99186873, -0.12690496;
  0.49044514, 0.10595408, 0.86500651]
[0.86553848, -0.070243552, -0.49589244;
  0.010369344, 0.99241698, -0.12247857;
  0.5007354, 0.10086784, 0.85970342]
[0.86999822, -0.06765046, -0.4883917;
  0.0042056032, 0.99152434, -0.12985174;
  0.49303678, 0.1109168, 0.8629089]
[0.87259889, -0.066801667, -0.48384726;
  -0.00065677735, 0.99044126, -0.13792816;
  0.48843613, 0.12067374, 0.86421406]
[0.86723453, -0.069315754, -0.49305108;
  0.0039281445, 0.99118352, -0.13243705;
  0.49788409, 0.11291721, 0.85986084]
[0.86847746, -0.068716317, -0.49094331;
  0.0045562498, 0.99141067, -0.13070655;
  0.49570811, 0.11127883, 0.86133093]
[0.86726606, -0.074745364, -0.49220261;
  0.015452499, 0.9922297, -0.12345163;
  0.49760547, 0.099459648, 0.86168218]
[0.85798615, -0.072531842, -0.50852644;
  0.011695246, 0.99248266, -0.12182764;
  0.51354009, 0.098579086, 0.85238469]
[0.86875564, -0.07412, -0.48966438;
  0.013580759, 0.99193108, -0.12605312;
  0.49505636, 0.10285935, 0.86275232]
[0.86318678, -0.077513449, -0.49889949;
  0.016168423, 0.99188167, -0.12613356;
  0.50462633, 0.10081041, 0.85743237]
[0.86776006, -0.076766215, -0.49102035;
  0.016937615, 0.99199247, -0.12515545;
  0.4966962, 0.10028819, 0.86211169]
[0.86883461, -0.082676716, -0.4881506;
  0.026672747, 0.99234319, -0.12059734;
  0.49438351, 0.091758832, 0.86438733]
[0.86697209, -0.082922377, -0.49140954;
  0.024026709, 0.99186754, -0.12498298;
  0.49777704, 0.096549809, 0.8619138]
[0.86887336, -0.088020466, -0.48714653;
  0.024689771, 0.99054563, -0.13494185;
  0.49441853, 0.10521983, 0.86283189]
[0.86783111, -0.086037017, -0.48935401;
  0.022911698, 0.99077535, -0.13356462;
  0.49633139, 0.1046996, 0.86179692]
